Workbook

Sheet Answer Report 2
A1: Microsoft Excel 16.0 Answer Report
A2: Worksheet: [Case_Intel_Asia_Campaign_FINAL.xlsx]Model 2.
A3: Report Created: 2/11/2020 11:56:25 AM
A4: Result: Solver found a solution. All Constraints and optimality conditions are satisfied.
A5: Solver Engine
B6: Engine: GRG Nonlinear
B7: Solution Time: 0.344 Seconds.
B8: Iterations: 1 Subproblems: 0
A9: Solver Options
B10: Max Time Unlimited, Iterations Unlimited, Precision 0.000001
B11: Convergence 0.0001, Population Size 100, Random Seed 0, Derivatives Central
B12: Max Subproblems Unlimited, Max Integer Sols Unlimited, Integer Tolerance 1%, Assume NonNegative
A14: Objective Cell (Max)
B15: Cell | C15: Name | D15: Original Value | E15: Final Value
B16: $B$50 | C16: Max Clicks Indonesia | D16: 150656.68 | E16: 150656.68
A19: Variable Cells
B20: Cell | C20: Name | D20: Original Value | E20: Final Value | F20: Integer
B21: $D$62 | C21: Marketplace Model | D21: 12080000 | E21: 12080000 | F21: Contin
B22: $D$63 | C22: Premium Model | D22: 1750000 | E22: 1750000 | F22: Contin
B23: $D$64 | C23: Mobile Ads Model | D23: 1500000 | E23: 1500000 | F23: Contin
B24: $D$66 | C24: Marketplace Model | D24: 3000000 | E24: 3000000 | F24: Contin
B25: $D$67 | C25: Premium Model | D25: 1850000 | E25: 1850000 | F25: Contin
B26: $D$68 | C26: Mobile Ads Model | D26: 5150000 | E26: 5150000 | F26: Contin
B27: $D$70 | C27: Marketplace Model | D27: 3000000 | E27: 3000000 | F27: Contin
B28: $D$71 | C28: Premium Model | D28: 1850000 | E28: 1850000 | F28: Contin
B29: $D$72 | C29: Mobile Ads Model | D29: 1500000 | E29: 1500000 | F29: Contin
B30: $D$75 | C30: Premium Model | D30: 5050000 | E30: 5050000 | F30: Contin
B31: $D$76 | C31: Mobile Ads Model | D31: 1500000 | E31: 1500000 | F31: Contin
B32: $D$74 | C32: Marketplace Model | D32: 500000 | E32: 500000 | F32: Contin
... B38: $D$84 | C38: Mobile Ads Model | D38: 1290000 | E38: 1290000 | F38: Contin
A41: Constraints
B42: Cell | C42: Name | D42: Cell Value | E42: Formula | F42: Status | G42: Slack
B43: $L$86 | C43: TOTAL Model | D43: 95000 | E43: $L$86<=$AQ$61 | F43: Binding | G43: 0
B44: $D$81 | C44: Singapore Model | D44: 2730500 | E44: $D$81<=$AJ$81 | F44: Not Binding | G44: 6794500
B45: $D$77 | C45: Philippines Model | D45: 9656795.7 | E45: $D$77<=$AJ$77 | F45: Not Binding | G45: 9393204.3
B46: $D$73 | C46: Pakistan Model | D46: 7050000 | E46: $D$73<=$AJ$73 | F46: Binding | G46: 0
B47: $D$69 | C47: Malaysia Model | D47: 6350000 | E47: $D$69<=$AJ$69 | F47: Not Binding | G47: 12700000
B48: $D$65 | C48: Korea Model | D48: 10000000 | E48: $D$65<=$AJ$65 | F48: Not Binding | G48: 4550000
B49: $D$61 | C49: Indonesia Model | D49: 15330000 | E49: $D$61<=$AJ$61 | F49: Not Binding | G49: 3420000
B50: $AD$101 | C50: Social CTR | D50: 0.3 | E50: $AD$101>=$AG$101 | F50: Binding | G50: 0
B51: $AD$102 | C51: Social CTR | D51: 1 | E51: $AD$102>=$AG$102 | F51: Not Binding | G51: 0.7
B52: $AD$103 | C52: Social CTR | D52: 0.46691176 | E52: $AD$103>=$AG$103 | F52: Not Binding | G52: 0.16691176
B53: $AD$104 | C53: Social CTR | D53: 0.88125 | E53: $AD$104>=$AG$104 | F53: Not Binding | G53: 0.58125
B54: $AD$105 | C54: Social CTR | D54: 0.32296975 | E54: $AD$105>=$AG$105 | F54: Not Binding | G54: 0.022969755
... B81: $D$64 | C81: Mobile Ads Model | D81: 1500000 | E81: $D$64>=$AJ$64 | F81: Binding | G81: 0

Sheet Model 2.
A2: Problem | B2: Exceeding budget, optimization of resources
A3: Objective | B3: Decided which marketing plan is better. 1) Agency plan 2) Peter Dingle plans 3) New Plan (other)
A5: EXHIBIT 1: DEMOGRAPHIC AND TECHNOLOGY PENETRATION DATA
A6: Intel AP Markets | B6: Indonesia | C6: Korea | D6: Malaysia | E6: Pakistan | F6: Philippines | G6: Singapore
A7: Population (Ms) 1 | B7: 251.2 | C7: 49 | D7: 29.6 | E7: 193.2 | F7: 105.7 | G7: 5.5
A8: # Internet Users (Ms) 1 | B8: 20 | C8: 39.4 | D8: 15.4 | E8: 20.4 | F8: 8.3 | G8: 3.2
A9: Mobile Phones (Ms) 1 | B9: 248.8 | C9: 52.5 | D9: 36.7 | E9: 111 | F9: 94.2 | G9: 7.8
A10: # Facebook Users (Ms) 2 | B10: 51.1 | C10: 10 | D10: 13.6 | E10: 8 | F10: 29.9 | G10: 2.9
A11: Sources: 1 CIA World Factbook, accessed July 25, 2013; | E11: 2 www.internetworldstats.com/, accessed July 25, 2013.
A13: EXHIBIT 2: INTEL ASIA-PACIFIC FACEBOOK COMMUNITIES (AUGUST 2012)
A14: Intel Market | B14: Indonesia | C14: Korea | D14: Malaysia | E14: Pakistan | F14: Philippines | G14: Singapore
A15: Fans | B15: 778144 | C15: 137801 | D15: 128410 | E15: 316425 | F15: 203907 | G15: 15595
A16: Growth | B16: 8009 | C16: 9361 | D16: 2932 | E16: 18994 | F16: 2204 | G16: 1496
A17: Top Demographic | B17: M 18-24 | C17: F 18-24 | D17: M 18-24 | E17: M 18-24 | F17: M 18-24 | G17: M 18-24
A18: Growth % | B18: =B16/B15 -> 0.010292439 | C18: =C16/C15 -> 0.067931292 | D18: =D16/D15 -> 0.022833113 | E18: =E16/E15 -> 0.060026863 | F18: =F16/F15 -> 0.010808849 | G18: =G16/G15 -> 0.095928182
A19: Source: Intel Asia-Pacific Marketing
A21: Page 9 | H21: 9B13E023
A22: EXHIBIT 4: PRELIMINARY MEDIA PLAN PROPOSED BY IMPACT MARKETING LTD
B23: Indonesia | C23: Korea | D23: Malaysia | E23: Pakistan | F23: Philippines | G23: Singapore | H23: Total
A24: Marketplace
A25: Impressions | B25: 6000000 | C25: 6000000 | D25: 6000000 | E25: 1000000 | F25: 6000000 | G25: 2000000 | H25: 27000000
A26: CPM | B26: 0.53 | C26: 0.88 | D26: 0.6 | E26: 0.57 | F26: 0.56 | G26: 0.71 | H26: 0.64
A27: Cost | B27: 3180 | C27: 5280 | D27: 3600 | E27: 570 | F27: 3360 | G27: 1420 | H27: 17410
A28: Premium
A29: Impressions | B29: 3500000 | C29: 3700000 | D29: 3700000 | E29: 700000 | F29: 3700000 | G29: 1350000 | H29: 16650000
A30: CPM | B30: 4.41 | C30: 5.25 | D30: 3.22 | E30: 4.41 | F30: 3.85 | G30: 5.6 | H30: 4.3
A31: Cost | B31: 15435 | C31: 19425 | D31: 11914 | E31: 3087 | F31: 14245 | G31: 7560 | H31: 71666
A32: Mobile Ads
A33: Impressions | B33: 3000000 | C33: - | D33: 3000000 | E33: 3000000 | F33: 3000000 | G33: 3000000 | H33: 15000000 | I33: *look for reason of not having mobile ads in korea, if not found use same price
A34: CPM | B34: 0.4 | C34: - | D34: 0.4 | E34: 0.4 | F34: 0.4 | G34: 0.4 | H34: 0.4
A35: Cost | B35: 1200 | C35: - | D35: 1200 | E35: 1200 | F35: 1200 | G35: 1200 | H35: 6000
A36: Total Ads
A37: Impressions | B37: 12500000 | C37: 9700000 | D37: 12700000 | E37: 4700000 | F37: 12700000 | G37: 6350000 | H37: 58650000 | I37: Including agency fee
A38: Cost | B38: 19815 | C38: 24705 | D38: 16714 | E38: 4857 | F38: 18805 | G38: 10180 | H38: 95076 | I38: =H38*1.09 -> 103632.84
A40: EXHIBIT 5: INTEL’S ESTIMATED CLICK-THROUGH RATES AND SOCIAL IMPRESSIONS MULTIPLIERS
A42: Market | B42: Indonesia | C42: Korea | D42: Malaysia | E42: Pakistan | F42: Philippines | G42: Singapore
A43: Marketplace CTR | B43: 0.0009 | C43: 0.0008 | D43: 0.0011 | E43: 0.0012 | F43: 0.0011 | G43: 0.0012
A44: Premium CTR | B44: 0.0043 | C44: 0.0023 | D44: 0.0032 | E44: 0.0059 | F44: 0.0048 | G44: 0.0034 | L44: Then the original plan | M44: 1.25 | N44: Applies to total
A45: Social Impression Multiplier | B45: 12.9 | C45: 41.1 | D45: 21.4 | E45: 26.5 | F45: 32.4 | G45: 20.6 | M45: 0.75 | N45: Applies per type of adv
A46: Social CTR | B46: 0.0196 | C46: 0.0239 | D46: 0.0182 | E46: 0.0264 | F46: 0.0181 | G46: 0.0183
A47: CTR Mobile Ad | B47: 0.0005 | C47: 0.0005 | D47: 0.0005 | E47: 0.0005 | F47: 0.0005 | G47: 0.0005
A50: Max Clicks | B50: =H86 -> 150656.68 | AI50: CONSTRAINTS
A52: Objective function: Maximization of clicks (impact)
A53: Parameters/constraints:
A54: -Total of impression <= 150% proposal
A55: -Total ad type/country >= 50% proposal
A56: - Mobile Ads should represent at least 40% of the total of impression in Korea & Singapore
A57: -Budget <= 95k
C59: IMPRESSIONS | G59: CLICKS | K59: COST | AF59: Impression/FB Users | AI59: IMPRESSIONS | AL59: Mobile App % | AP59: COST | AV59: Impression/FB Users
A60: Country | B60: Facebook Add | C60: Agency | D60: Model | E60: Var | F60: Var % | G60: Agency | H60: Model | I60: Var | J60: Var % | K60: Agency | L60: Model | M60: Var | N60: Var % | P60: CTR | Q60: Cost/1000 | S60: # Facebook Users (Ms) 2 | T60: Fans | V60: Growth | W60: Growth % | Y60: Population (Ms) 1 | Z60: # Internet Users (Ms) 1 | AA60: Mobile Phones (Ms) 1 | AC60: Social Impression Multiplier | AD60: Social CTR | AF60: Agency | AG60: Model | AI60: Sign | AJ60: Limit of Impressions | AL60: % of total | AM60: Sign | AN60: Limit of % of total of impressions | AP60: Sign | AQ60: MAX COST | AT60: Marketplace CTR | AV60: Sign | AW60: Limit % Impressions/FB Users
A61: Indonesia | C61: =SUM(C62:C64) -> 12500000 | D61: =SUM(D62:D64) -> 15330000 | E61: =IFERROR(D61-C61,0) -> 2830000 | F61: =E61/C61 -> 0.2264 | G61: =SUM(G62:G64) -> 26134.502 | H61: =SUM(H62:H64) -> 21239.251 | I61: =IFERROR(H61-G61,0) -> -4895.251 | J61: =I61/G61 -> -0.1873099 | K61: =SUM(K62:K64) -> 19815 | L61: =SUM(L62:L64) -> 14719.9 | M61: =IFERROR(L61-K61,0) -> -5095.1 | N61: =M61/K61 -> -0.25713348 | S61: =INDEX($B$7:$B$47,MATCH(S$60,$A$7:$A$47,0)) -> 51.1 | T61: =INDEX($B$7:$B$47,MATCH(T$60,$A$7:$A$47,0)) -> 778144 | U61: =D61/T61 -> 19.700724 | V61: =INDEX($B$7:$B$47,MATCH(V$60,$A$7:$A$47,0)) -> 8009 | W61: =INDEX($B$7:$B$47,MATCH(W$60,$A$7:$A$47,0)) -> 0.010292439 | Y61: =INDEX($B$7:$B$47,MATCH(Y$60,$A$7:$A$47,0)) -> 251.2 | Z61: =INDEX($B$7:$B$47,MATCH(Z$60,$A$7:$A$47,0)) -> 20 | AA61: =INDEX($B$7:$B$47,MATCH(AA$60,$A$7:$A$47,0)) -> 248.8 | AC61: =INDEX($B$7:$B$47,MATCH(AC$60,$A$7:$A$47,0)) -> 12.9 | AD61: =INDEX($B$7:$B$47,MATCH(AD$60,$A$7:$A$47,0)) -> 0.0196 | AF61: =C61/(S61*1000000) -> 0.2446184 | AG61: =D61/(S61*1000000) -> 0.3 | AI61: <= | AJ61: =C61*1.5 -> 18750000 | AP61: <= | AQ61: 95000 | AT61: =AVERAGE(P74,P82,P78,P70,P66,P62) -> 0.00105 | AV61: <= | AW61: 1
A62: Indonesia | B62: Marketplace | C62: =$B$25 -> 6000000 | D62: 12080000 | E62: =IFERROR(D62-C62,0) -> 6080000 | F62: =E62/C62 -> 1.0133333 | G62: =C62*P62 -> 5400 | H62: =D62*P62 -> 10872 | I62: =IFERROR(H62-G62,0) -> 5472 | J62: =I62/G62 -> 1.0133333 | K62: =Q62*(C62/1000) -> 3180 | L62: =Q62*(D62/1000) -> 6402.4 | M62: =IFERROR(L62-K62,0) -> 3222.4 | N62: =M62/K62 -> 1.0133333 | P62: =INDEX($B$7:$B$47,MATCH(AT$60,$A$7:$A$47,0)) -> 0.0009 | Q62: =$B$26 -> 0.53 | AI62: >= | AJ62: =C62*0.5 -> 3000000 | AT62: Premium CTR | AV62: >= | AW62: 0.3
A63: Indonesia | B63: Premium | C63: =$B$29 -> 3500000 | D63: 1750000 | E63: =IFERROR(D63-C63,0) -> -1750000 | F63: =E63/C63 -> -0.5 | G63: =C63*P63+C63*P63*AC61*AD61 -> 18855.242 | H63: =D63*P63+D63*P63*AC61*AD61 -> 9427.621 | I63: =IFERROR(H63-G63,0) -> -9427.621 | J63: =I63/G63 -> -0.5 | K63: =Q63*(C63/1000) -> 15435 | L63: =Q63*(D63/1000) -> 7717.5 | M63: =IFERROR(L63-K63,0) -> -7717.5 | N63: =M63/K63 -> -0.5 | P63: =INDEX($B$7:$B$47,MATCH(AT$62,$A$7:$A$47,0)) -> 0.0043 | Q63: =$B$30 -> 4.41 | AI63: >= | AJ63: =C63*0.5 -> 1750000 | AT63: =AVERAGE(P75,P83,P79,P71,P67,P63) -> 0.0039833333
A64: Indonesia | B64: Mobile Ads | C64: =$B$33 -> 3000000 | D64: 1500000 | E64: =IFERROR(D64-C64,0) -> -1500000 | F64: =E64/C64 -> -0.5 | G64: =C64*P64+C64*P64*AC61*AD61 -> 1879.26 | H64: =D64*P64+D64*P64*AC61*AD61 -> 939.63 | I64: =IFERROR(H64-G64,0) -> -939.63 | J64: =I64/G64 -> -0.5 | K64: =Q64*(C64/1000) -> 1200 | L64: =Q64*(D64/1000) -> 600 | M64: =IFERROR(L64-K64,0) -> -600 | N64: =M64/K64 -> -0.5 | P64: =INDEX($B$7:$B$47,MATCH(AT$64,$A$7:$A$47,0)) -> 0.0005 | Q64: =$B$34 -> 0.4 | AI64: >= | AJ64: =C64*0.5 -> 1500000 | AT64: CTR Mobile Ad
A65: Korea | C65: =SUM(C66:C68) -> 9700000 | D65: =SUM(D66:D68) -> 10000000 | E65: =IFERROR(D65-C65,0) -> 300000 | F65: =E65/C65 -> 0.030927835 | G65: =SUM(G66:G68) -> 21669.288 | H65: =SUM(H66:H68) -> 15939.041 | I65: =IFERROR(H65-G65,0) -> -5730.2472 | J65: =I65/G65 -> -0.26444096 | K65: =SUM(K66:K68) -> 24705 | L65: =SUM(L66:L68) -> 14412.5 | M65: =IFERROR(L65-K65,0) -> -10292.5 | N65: =M65/K65 -> -0.41661607 | S65: =INDEX($C$7:$C$47,MATCH(S$60,$A$7:$A$47,0)) -> 10 | T65: =INDEX($C$7:$C$47,MATCH(T$60,$A$7:$A$47,0)) -> 137801 | U65: =D65/T65 -> 72.568414 | V65: =INDEX($C$7:$C$47,MATCH(V$60,$A$7:$A$47,0)) -> 9361 | W65: =INDEX($C$7:$C$47,MATCH(W$60,$A$7:$A$47,0)) -> 0.067931292 | Y65: =INDEX($C$7:$C$47,MATCH(Y$60,$A$7:$A$47,0)) -> 49 | Z65: =INDEX($C$7:$C$47,MATCH(Z$60,$A$7:$A$47,0)) -> 39.4 | AA65: =INDEX($C$7:$C$47,MATCH(AA$60,$A$7:$A$47,0)) -> 52.5 | AC65: =INDEX($C$7:$C$47,MATCH(AC$60,$A$7:$A$47,0)) -> 41.1 | AD65: =INDEX($C$7:$C$47,MATCH(AD$60,$A$7:$A$47,0)) -> 0.0239 | AF65: =C65/(S65*1000000) -> 0.97 | AG65: =D65/(S65*1000000) -> 1 | AI65: <= | AJ65: =C65*1.5 -> 14550000 | AT65: =AVERAGE(P76,P84,P80,P72,P68,P64) -> 0.0005
A66: Korea | B66: Marketplace | C66: =$C$25 -> 6000000 | D66: 3000000 | E66: =IFERROR(D66-C66,0) -> -3000000 | F66: =E66/C66 -> -0.5 | G66: =C66*P66 -> 4800 | H66: =D66*P66 -> 2400 | I66: =IFERROR(H66-G66,0) -> -2400 | J66: =I66/G66 -> -0.5 | K66: =Q66*(C66/1000) -> 5280 | L66: =Q66*(D66/1000) -> 2640 | M66: =IFERROR(L66-K66,0) -> -2640 | N66: =M66/K66 -> -0.5 | P66: =INDEX($C$7:$C$47,MATCH(AT$60,$A$7:$A$47,0)) -> 0.0008 | Q66: =$C$26 -> 0.88 | AI66: >= | AJ66: =C66*0.5 -> 3000000
A67: Korea | B67: Premium | C67: =$C$29 -> 3700000 | D67: 1850000 | E67: =IFERROR(D67-C67,0) -> -1850000 | F67: =E67/C67 -> -0.5 | G67: =C67*P67+C67*P67*AC65*AD65 -> 16869.288 | H67: =D67*P67+D67*P67*AC65*AD65 -> 8434.644 | I67: =IFERROR(H67-G67,0) -> -8434.6439 | J67: =I67/G67 -> -0.5 | K67: =Q67*(C67/1000) -> 19425 | L67: =Q67*(D67/1000) -> 9712.5 | M67: =IFERROR(L67-K67,0) -> -9712.5 | N67: =M67/K67 -> -0.5 | P67: =INDEX($C$7:$C$47,MATCH(AT$62,$A$7:$A$47,0)) -> 0.0023 | Q67: =$C$30 -> 5.25 | AI67: >= | AJ67: =C67*0.5 -> 1850000
A68: Korea | B68: Mobile Ads | C68: 0 | D68: 5150000 | E68: =IFERROR(D68-C68,0) -> 5150000 | G68: =C68*P68+C68*P68*AC65*AD65 -> 0 | H68: =D68*P68+D68*P68*AC65*AD65 -> 5104.3967 | I68: =IFERROR(H68-G68,0) -> 5104.3967 | K68: =Q68*(C68/1000) -> 0 | L68: =Q68*(D68/1000) -> 2060 | M68: =IFERROR(L68-K68,0) -> 2060 | P68: =INDEX($C$7:$C$47,MATCH(AT$64,$A$7:$A$47,0)) -> 0.0005 | Q68: =Q64 -> 0.4 | AI68: >= | AJ68: 0 | AL68: =D68/D65 -> 0.515 | AM68: >= | AN68: 0.4
A69: Malaysia | C69: =SUM(C70:C72) -> 12700000 | D69: =SUM(D70:D72) -> 6350000 | E69: =IFERROR(D69-C69,0) -> -6350000 | F69: =E69/C69 -> -0.5 | G69: =SUM(G70:G72) -> 25135.663 | H69: =SUM(H70:H72) -> 12567.832 | I69: =IFERROR(H69-G69,0) -> -12567.832 | J69: =I69/G69 -> -0.5 | K69: =SUM(K70:K72) -> 16714 | L69: =SUM(L70:L72) -> 8357 | M69: =IFERROR(L69-K69,0) -> -8357 | N69: =M69/K69 -> -0.5 | S69: =INDEX($D$7:$D$47,MATCH(S$60,$A$7:$A$47,0)) -> 13.6 | T69: =INDEX($D$7:$D$47,MATCH(T$60,$A$7:$A$47,0)) -> 128410 | U69: =D69/T69 -> 49.450977 | V69: =INDEX($D$7:$D$47,MATCH(V$60,$A$7:$A$47,0)) -> 2932 | W69: =INDEX($D$7:$D$47,MATCH(W$60,$A$7:$A$47,0)) -> 0.022833113 | Y69: =INDEX($D$7:$D$47,MATCH(Y$60,$A$7:$A$47,0)) -> 29.6 | Z69: =INDEX($D$7:$D$47,MATCH(Z$60,$A$7:$A$47,0)) -> 15.4 | AA69: =INDEX($D$7:$D$47,MATCH(AA$60,$A$7:$A$47,0)) -> 36.7 | AC69: =INDEX($D$7:$D$47,MATCH(AC$60,$A$7:$A$47,0)) -> 21.4 | AD69: =INDEX($D$7:$D$47,MATCH(AD$60,$A$7:$A$47,0)) -> 0.0182 | AF69: =C69/(S69*1000000) -> 0.93382353 | AG69: =D69/(S69*1000000) -> 0.46691176 | AI69: <= | AJ69: =C69*1.5 -> 19050000
A70: Malaysia | B70: Marketplace | C70: =$D$25 -> 6000000 | D70: 3000000 | E70: =IFERROR(D70-C70,0) -> -3000000 | F70: =E70/C70 -> -0.5 | G70: =C70*P70 -> 6600 | H70: =D70*P70 -> 3300 | I70: =IFERROR(H70-G70,0) -> -3300 | J70: =I70/G70 -> -0.5 | K70: =Q70*(C70/1000) -> 3600 | L70: =Q70*(D70/1000) -> 1800 | M70: =IFERROR(L70-K70,0) -> -1800 | N70: =M70/K70 -> -0.5 | P70: =INDEX($D$7:$D$47,MATCH(AT$60,$A$7:$A$47,0)) -> 0.0011 | Q70: =$D$26 -> 0.6 | AI70: >= | AJ70: =C70*0.5 -> 3000000
A71: Malaysia | B71: Premium | C71: =$D$29 -> 3700000 | D71: 1850000 | E71: =IFERROR(D71-C71,0) -> -1850000 | F71: =E71/C71 -> -0.5 | G71: =C71*P71+C71*P71*AC69*AD69 -> 16451.443 | H71: =D71*P71+D71*P71*AC69*AD69 -> 8225.7216 | I71: =IFERROR(H71-G71,0) -> -8225.7216 | J71: =I71/G71 -> -0.5 | K71: =Q71*(C71/1000) -> 11914 | L71: =Q71*(D71/1000) -> 5957 | M71: =IFERROR(L71-K71,0) -> -5957 | N71: =M71/K71 -> -0.5 | P71: =INDEX($D$7:$D$47,MATCH(AT$62,$A$7:$A$47,0)) -> 0.0032 | Q71: =$D$30 -> 3.22 | AI71: >= | AJ71: =C71*0.5 -> 1850000
A72: Malaysia | B72: Mobile Ads | C72: =$D$33 -> 3000000 | D72: 1500000 | E72: =IFERROR(D72-C72,0) -> -1500000 | F72: =E72/C72 -> -0.5 | G72: =C72*P72+C72*P72*AC69*AD69 -> 2084.22 | H72: =D72*P72+D72*P72*AC69*AD69 -> 1042.11 | I72: =IFERROR(H72-G72,0) -> -1042.11 | J72: =I72/G72 -> -0.5 | K72: =Q72*(C72/1000) -> 1200 | L72: =Q72*(D72/1000) -> 600 | M72: =IFERROR(L72-K72,0) -> -600 | N72: =M72/K72 -> -0.5 | P72: =INDEX($D$7:$D$47,MATCH(AT$64,$A$7:$A$47,0)) -> 0.0005 | Q72: =$D$34 -> 0.4 | AI72: >= | AJ72: =C72*0.5 -> 1500000
A73: =A74 -> Pakistan | C73: =SUM(C74:C76) -> 4700000 | D73: =SUM(D74:D76) -> 7050000 | E73: =IFERROR(D73-C73,0) -> 2350000 | F73: =E73/C73 -> 0.5 | G73: =SUM(G74:G76) -> 10768.748 | H73: =SUM(H74:H76) -> 52514.282 | I73: =IFERROR(H73-G73,0) -> 41745.534 | J73: =I73/G73 -> 3.8765448 | K73: =SUM(K74:K76) -> 4857 | L73: =SUM(L74:L76) -> 23155.5 | M73: =IFERROR(L73-K73,0) -> 18298.5 | N73: =M73/K73 -> 3.767449 | S73: =INDEX($E$7:$E$47,MATCH(S$60,$A$7:$A$47,0)) -> 8 | T73: =INDEX($E$7:$E$47,MATCH(T$60,$A$7:$A$47,0)) -> 316425 | U73: =D73/T73 -> 22.280161 | V73: =INDEX($E$7:$E$47,MATCH(V$60,$A$7:$A$47,0)) -> 18994 | W73: =INDEX($E$7:$E$47,MATCH(W$60,$A$7:$A$47,0)) -> 0.060026863 | Y73: =INDEX($E$7:$E$47,MATCH(Y$60,$A$7:$A$47,0)) -> 193.2 | Z73: =INDEX($E$7:$E$47,MATCH(Z$60,$A$7:$A$47,0)) -> 20.4 | AA73: =INDEX($E$7:$E$47,MATCH(AA$60,$A$7:$A$47,0)) -> 111 | AC73: =INDEX($E$7:$E$47,MATCH(AC$60,$A$7:$A$47,0)) -> 26.5 | AD73: =INDEX($E$7:$E$47,MATCH(AD$60,$A$7:$A$47,0)) -> 0.0264 | AF73: =C73/(S73*1000000) -> 0.5875 | AG73: =D73/(S73*1000000) -> 0.88125 | AI73: <= | AJ73: =C73*1.5 -> 7050000
A74: Pakistan | B74: Marketplace | C74: =$E$25 -> 1000000 | D74: 500000 | E74: =IFERROR(D74-C74,0) -> -500000 | F74: =E74/C74 -> -0.5 | G74: =C74*P74 -> 1200 | H74: =D74*P74 -> 600 | I74: =IFERROR(H74-G74,0) -> -600 | J74: =I74/G74 -> -0.5 | K74: =Q74*(C74/1000) -> 570 | L74: =Q74*(D74/1000) -> 285 | M74: =IFERROR(L74-K74,0) -> -285 | N74: =M74/K74 -> -0.5 | P74: =INDEX($E$7:$E$47,MATCH(AT$60,$A$7:$A$47,0)) -> 0.0012 | Q74: =$E$26 -> 0.57 | AI74: >= | AJ74: =C74*0.5 -> 500000
A75: Pakistan | B75: Premium | C75: =$E$29 -> 700000 | D75: 5050000 | E75: =IFERROR(D75-C75,0) -> 4350000 | F75: =E75/C75 -> 6.2142857 | G75: =C75*P75+C75*P75*AC73*AD73 -> 7019.348 | H75: =D75*P75+D75*P75*AC73*AD73 -> 50639.582 | I75: =IFERROR(H75-G75,0) -> 43620.234 | J75: =I75/G75 -> 6.2142857 | K75: =Q75*(C75/1000) -> 3087 | L75: =Q75*(D75/1000) -> 22270.5 | M75: =IFERROR(L75-K75,0) -> 19183.5 | N75: =M75/K75 -> 6.2142857 | P75: =INDEX($E$7:$E$47,MATCH(AT$62,$A$7:$A$47,0)) -> 0.0059 | Q75: =$E$30 -> 4.41 | AI75: >= | AJ75: =C75*0.5 -> 350000
A76: Pakistan | B76: Mobile Ads | C76: =$E$33 -> 3000000 | D76: 1500000 | E76: =IFERROR(D76-C76,0) -> -1500000 | F76: =E76/C76 -> -0.5 | G76: =C76*P76+C76*P76*AC73*AD73 -> 2549.4 | H76: =D76*P76+D76*P76*AC73*AD73 -> 1274.7 | I76: =IFERROR(H76-G76,0) -> -1274.7 | J76: =I76/G76 -> -0.5 | K76: =Q76*(C76/1000) -> 1200 | L76: =Q76*(D76/1000) -> 600 | M76: =IFERROR(L76-K76,0) -> -600 | N76: =M76/K76 -> -0.5 | P76: =INDEX($E$7:$E$47,MATCH(AT$64,$A$7:$A$47,0)) -> 0.0005 | Q76: =$E$34 -> 0.4 | AI76: >= | AJ76: =C76*0.5 -> 1500000
A77: =A78 -> Philippines | C77: =SUM(C78:C80) -> 12700000 | D77: =SUM(D78:D80) -> 9656795.7 | E77: =IFERROR(D77-C77,0) -> -3043204.3 | F77: =E77/C77 -> -0.23962239 | G77: =SUM(G78:G80) -> 37154.834 | H77: =SUM(H78:H80) -> 43758.375 | I77: =IFERROR(H77-G77,0) -> 6603.5408 | J77: =I77/G77 -> 0.17773032 | K77: =SUM(K78:K80) -> 18805 | L77: =SUM(L78:L80) -> 22133.663 | M77: =IFERROR(L77-K77,0) -> 3328.6633 | N77: =M77/K77 -> 0.17700948 | S77: =INDEX($F$7:$F$47,MATCH(S$60,$A$7:$A$47,0)) -> 29.9 | T77: =INDEX($F$7:$F$47,MATCH(T$60,$A$7:$A$47,0)) -> 203907 | U77: =D77/T77 -> 47.358824 | V77: =INDEX($F$7:$F$47,MATCH(V$60,$A$7:$A$47,0)) -> 2204 | W77: =INDEX($F$7:$F$47,MATCH(W$60,$A$7:$A$47,0)) -> 0.010808849 | Y77: =INDEX($F$7:$F$47,MATCH(Y$60,$A$7:$A$47,0)) -> 105.7 | Z77: =INDEX($F$7:$F$47,MATCH(Z$60,$A$7:$A$47,0)) -> 8.3 | AA77: =INDEX($F$7:$F$47,MATCH(AA$60,$A$7:$A$47,0)) -> 94.2 | AC77: =INDEX($F$7:$F$47,MATCH(AC$60,$A$7:$A$47,0)) -> 32.4 | AD77: =INDEX($F$7:$F$47,MATCH(AD$60,$A$7:$A$47,0)) -> 0.0181 | AF77: =C77/(S77*1000000) -> 0.42474916 | AG77: =D77/(S77*1000000) -> 0.32296975 | AI77: <= | AJ77: =C77*1.5 -> 19050000
A78: Philippines | B78: Marketplace | C78: =$F$25 -> 6000000 | D78: 3000000 | E78: =IFERROR(D78-C78,0) -> -3000000 | F78: =E78/C78 -> -0.5 | G78: =C78*P78 -> 6600 | H78: =D78*P78 -> 3300 | I78: =IFERROR(H78-G78,0) -> -3300 | J78: =I78/G78 -> -0.5 | K78: =Q78*(C78/1000) -> 3360 | L78: =Q78*(D78/1000) -> 1680 | M78: =IFERROR(L78-K78,0) -> -1680 | N78: =M78/K78 -> -0.5 | P78: =INDEX($F$7:$F$47,MATCH(AT$60,$A$7:$A$47,0)) -> 0.0011 | Q78: =$F$26 -> 0.56 | AI78: >= | AJ78: =C78*0.5 -> 3000000
A79: Philippines | B79: Premium | C79: =$F$29 -> 3700000 | D79: 5156795.7 | E79: =IFERROR(D79-C79,0) -> 1456795.7 | F79: =E79/C79 -> 0.39372856 | G79: =C79*P79+C79*P79*AC77*AD77 -> 28175.174 | H79: =D79*P79+D79*P79*AC77*AD77 -> 39268.545 | I79: =IFERROR(H79-G79,0) -> 11093.371 | J79: =I79/G79 -> 0.39372856 | K79: =Q79*(C79/1000) -> 14245 | L79: =Q79*(D79/1000) -> 19853.663 | M79: =IFERROR(L79-K79,0) -> 5608.6633 | N79: =M79/K79 -> 0.39372856 | P79: =INDEX($F$7:$F$47,MATCH(AT$62,$A$7:$A$47,0)) -> 0.0048 | Q79: =$F$30 -> 3.85 | AI79: >= | AJ79: =C79*0.5 -> 1850000
A80: Philippines | B80: Mobile Ads | C80: =$F$33 -> 3000000 | D80: 1500000 | E80: =IFERROR(D80-C80,0) -> -1500000 | F80: =E80/C80 -> -0.5 | G80: =C80*P80+C80*P80*AC77*AD77 -> 2379.66 | H80: =D80*P80+D80*P80*AC77*AD77 -> 1189.83 | I80: =IFERROR(H80-G80,0) -> -1189.83 | J80: =I80/G80 -> -0.5 | K80: =Q80*(C80/1000) -> 1200 | L80: =Q80*(D80/1000) -> 600 | M80: =IFERROR(L80-K80,0) -> -600 | N80: =M80/K80 -> -0.5 | P80: =INDEX($F$7:$F$47,MATCH(AT$64,$A$7:$A$47,0)) -> 0.0005 | Q80: =$F$34 -> 0.4 | AI80: >= | AJ80: =C80*0.5 -> 1500000
A81: =A82 -> Singapore | C81: =SUM(C82:C84) -> 6350000 | D81: =SUM(D82:D84) -> 2730500 | E81: =IFERROR(D81-C81,0) -> -3619500 | F81: =E81/C81 -> -0.57 | G81: =SUM(G82:G84) -> 10785.808 | H81: =SUM(H82:H84) -> 4637.8975 | I81: =IFERROR(H81-G81,0) -> -6147.9107 | J81: =I81/G81 -> -0.57 | K81: =SUM(K82:K84) -> 10180 | L81: =SUM(L82:L84) -> 4377.4 | M81: =IFERROR(L81-K81,0) -> -5802.6 | N81: =M81/K81 -> -0.57 | S81: =INDEX($G$7:$G$47,MATCH(S$60,$A$7:$A$47,0)) -> 2.9 | T81: =INDEX($G$7:$G$47,MATCH(T$60,$A$7:$A$47,0)) -> 15595 | U81: =D81/T81 -> 175.08817 | V81: =INDEX($G$7:$G$47,MATCH(V$60,$A$7:$A$47,0)) -> 1496 | W81: =INDEX($G$7:$G$47,MATCH(W$60,$A$7:$A$47,0)) -> 0.095928182 | Y81: =INDEX($G$7:$G$47,MATCH(Y$60,$A$7:$A$47,0)) -> 5.5 | Z81: =INDEX($G$7:$G$47,MATCH(Z$60,$A$7:$A$47,0)) -> 3.2 | AA81: =INDEX($G$7:$G$47,MATCH(AA$60,$A$7:$A$47,0)) -> 7.8 | AC81: =INDEX($G$7:$G$47,MATCH(AC$60,$A$7:$A$47,0)) -> 20.6 | AD81: =INDEX($G$7:$G$47,MATCH(AD$60,$A$7:$A$47,0)) -> 0.0183 | AF81: =C81/(S81*1000000) -> 2.1896552 | AG81: =D81/(S81*1000000) -> 0.94155172 | AI81: <= | AJ81: =C81*1.5 -> 9525000
A82: Singapore | B82: Marketplace | C82: =$G$25 -> 2000000 | D82: 860000 | E82: =IFERROR(D82-C82,0) -> -1140000 | F82: =E82/C82 -> -0.57 | G82: =C82*P82 -> 2400 | H82: =D82*P82 -> 1032 | I82: =IFERROR(H82-G82,0) -> -1368 | J82: =I82/G82 -> -0.57 | K82: =Q82*(C82/1000) -> 1420 | L82: =Q82*(D82/1000) -> 610.6 | M82: =IFERROR(L82-K82,0) -> -809.4 | N82: =M82/K82 -> -0.57 | P82: =INDEX($G$7:$G$47,MATCH(AT$60,$A$7:$A$47,0)) -> 0.0012 | Q82: =$G$26 -> 0.71 | AI82: >= | AJ82: =C82*0.43 -> 860000
A83: Singapore | B83: Premium | C83: =$G$29 -> 1350000 | D83: 580500 | E83: =IFERROR(D83-C83,0) -> -769500 | F83: =E83/C83 -> -0.57 | G83: =C83*P83+C83*P83*AC81*AD81 -> 6320.3382 | H83: =D83*P83+D83*P83*AC81*AD81 -> 2717.7454 | I83: =IFERROR(H83-G83,0) -> -3602.5928 | J83: =I83/G83 -> -0.57 | K83: =Q83*(C83/1000) -> 7560 | L83: =Q83*(D83/1000) -> 3250.8 | M83: =IFERROR(L83-K83,0) -> -4309.2 | N83: =M83/K83 -> -0.57 | P83: =INDEX($G$7:$G$47,MATCH(AT$62,$A$7:$A$47,0)) -> 0.0034 | Q83: =$G$30 -> 5.6 | AI83: >= | AJ83: =C83*0.43 -> 580500
A84: Singapore | B84: Mobile Ads | C84: =$G$33 -> 3000000 | D84: 1290000 | E84: =IFERROR(D84-C84,0) -> -1710000 | F84: =E84/C84 -> -0.57 | G84: =C84*P84+C84*P84*AC81*AD81 -> 2065.47 | H84: =D84*P84+D84*P84*AC81*AD81 -> 888.1521 | I84: =IFERROR(H84-G84,0) -> -1177.3179 | J84: =I84/G84 -> -0.57 | K84: =Q84*(C84/1000) -> 1200 | L84: =Q84*(D84/1000) -> 516 | M84: =IFERROR(L84-K84,0) -> -684 | N84: =M84/K84 -> -0.57 | P84: =INDEX($G$7:$G$47,MATCH(AT$64,$A$7:$A$47,0)) -> 0.0005 | Q84: =$G$34 -> 0.4 | AI84: >= | AJ84: =C84*0.43 -> 1290000 | AL84: =D84/D81 -> 0.47244094 | AM84: >= | AN84: 0.4
A85: Agency fee | K85: =SUM(K81,K77,K73,K69,K65,K61)*0.09 -> 8556.84 | L85: =SUM(L81,L77,L73,L69,L65,L61)*0.09 -> 7844.0367 | M85: =SUM(M81,M77,M73,M69,M65,M61)*0.09 -> -712.8033 | N85: =M85/K85 -> -0.083302166 | AF85: =C86/(SUM(S61:S85)*1000000) -> 0.50779221 | AG85: =D86/(SUM(S61:S85)*1000000) -> 0.44257399
A86: TOTAL | C86: =SUM(C81,C77,C73,C69,C65,C61) -> 58650000 | D86: =SUM(D81,D77,D73,D69,D65,D61) -> 51117296 | E86: =SUM(E81,E77,E73,E69,E65,E61) -> -7532704.3 | F86: =E86/C86 -> -0.12843486 | G86: =SUM(G81,G77,G73,G69,G65,G61) -> 131648.84 | H86: =SUM(H81,H77,H73,H69,H65,H61) -> 150656.68 | I86: =SUM(I81,I77,I73,I69,I65,I61) -> 19007.834 | J86: =I86/G86 -> 0.14438284 | K86: =SUM(K81,K77,K73,K69,K65,K61)*1.09 -> 103632.84 | L86: =SUM(L82:L84,L78:L80,L74:L75,L76,L70:L72,L66:L68,L62:L64)*1.09 -> 95000 | M86: =SUM(M81,M77,M73,M69,M65,M61) -> -7920.0367 | N86: =M86/K86 -> -0.076424005
AD101: =D61/(S61*1000000) -> 0.3 | AF101: 1 | AG101: 0.3
AD102: =D65/(S65*1000000) -> 1 | AF102: 1 | AG102: 0.3
AD103: =D69/(S69*1000000) -> 0.46691176 | AF103: 1 | AG103: 0.3
AD104: =D73/(S73*1000000) -> 0.88125 | AF104: 1 | AG104: 0.3
AD105: =D77/(S77*1000000) -> 0.32296975 | AF105: 1 | AG105: 0.3
AD106: =D81/(S81*1000000) -> 0.94155172 | AF106: 1 | AG106: 0.3

Sheet Model 2
A2: Problem | B2: Exceeding budget, optimization of resources
A3: Objective | B3: Decided which marketing plan is better. 1) Agency plan 2) Peter Dingle plans 3) New Plan (other)
A5: EXHIBIT 1: DEMOGRAPHIC AND TECHNOLOGY PENETRATION DATA
A6: Intel AP Markets | B6: Indonesia | C6: Korea | D6: Malaysia | E6: Pakistan | F6: Philippines | G6: Singapore
A7: Population (Ms) 1 | B7: 251.2 | C7: 49 | D7: 29.6 | E7: 193.2 | F7: 105.7 | G7: 5.5
A8: # Internet Users (Ms) 1 | B8: 20 | C8: 39.4 | D8: 15.4 | E8: 20.4 | F8: 8.3 | G8: 3.2
A9: Mobile Phones (Ms) 1 | B9: 248.8 | C9: 52.5 | D9: 36.7 | E9: 111 | F9: 94.2 | G9: 7.8
A10: # Facebook Users (Ms) 2 | B10: 51.1 | C10: 10 | D10: 13.6 | E10: 8 | F10: 29.9 | G10: 2.9
A11: Sources: 1 CIA World Factbook, accessed July 25, 2013; | E11: 2 www.internetworldstats.com/, accessed July 25, 2013.
A13: EXHIBIT 2: INTEL ASIA-PACIFIC FACEBOOK COMMUNITIES (AUGUST 2012)
A14: Intel Market | B14: Indonesia | C14: Korea | D14: Malaysia | E14: Pakistan | F14: Philippines | G14: Singapore
A15: Fans | B15: 778144 | C15: 137801 | D15: 128410 | E15: 316425 | F15: 203907 | G15: 15595
A16: Growth | B16: 8009 | C16: 9361 | D16: 2932 | E16: 18994 | F16: 2204 | G16: 1496
A17: Top Demographic | B17: M 18-24 | C17: F 18-24 | D17: M 18-24 | E17: M 18-24 | F17: M 18-24 | G17: M 18-24
A18: Growth % | B18: =B16/B15 -> 0.010292439 | C18: =C16/C15 -> 0.067931292 | D18: =D16/D15 -> 0.022833113 | E18: =E16/E15 -> 0.060026863 | F18: =F16/F15 -> 0.010808849 | G18: =G16/G15 -> 0.095928182
A19: Source: Intel Asia-Pacific Marketing
A21: Page 9 | H21: 9B13E023
A22: EXHIBIT 4: PRELIMINARY MEDIA PLAN PROPOSED BY IMPACT MARKETING LTD
B23: Indonesia | C23: Korea | D23: Malaysia | E23: Pakistan | F23: Philippines | G23: Singapore | H23: Total
A24: Marketplace
A25: Impressions | B25: 6000000 | C25: 6000000 | D25: 6000000 | E25: 1000000 | F25: 6000000 | G25: 2000000 | H25: 27000000
A26: CPM | B26: 0.53 | C26: 0.88 | D26: 0.6 | E26: 0.57 | F26: 0.56 | G26: 0.71 | H26: 0.64
A27: Cost | B27: 3180 | C27: 5280 | D27: 3600 | E27: 570 | F27: 3360 | G27: 1420 | H27: 17410
A28: Premium
A29: Impressions | B29: 3500000 | C29: 3700000 | D29: 3700000 | E29: 700000 | F29: 3700000 | G29: 1350000 | H29: 16650000
A30: CPM | B30: 4.41 | C30: 5.25 | D30: 3.22 | E30: 4.41 | F30: 3.85 | G30: 5.6 | H30: 4.3
A31: Cost | B31: 15435 | C31: 19425 | D31: 11914 | E31: 3087 | F31: 14245 | G31: 7560 | H31: 71666
A32: Mobile Ads
A33: Impressions | B33: 3000000 | C33: - | D33: 3000000 | E33: 3000000 | F33: 3000000 | G33: 3000000 | H33: 15000000 | I33: *look for reason of not having mobile ads in korea, if not found use same price
A34: CPM | B34: 0.4 | C34: - | D34: 0.4 | E34: 0.4 | F34: 0.4 | G34: 0.4 | H34: 0.4
A35: Cost | B35: 1200 | C35: - | D35: 1200 | E35: 1200 | F35: 1200 | G35: 1200 | H35: 6000
A36: Total Ads
A37: Impressions | B37: 12500000 | C37: 9700000 | D37: 12700000 | E37: 4700000 | F37: 12700000 | G37: 6350000 | H37: 58650000 | I37: Including agency fee
A38: Cost | B38: 19815 | C38: 24705 | D38: 16714 | E38: 4857 | F38: 18805 | G38: 10180 | H38: 95076 | I38: =H38*1.09 -> 103632.84
A40: EXHIBIT 5: INTEL’S ESTIMATED CLICK-THROUGH RATES AND SOCIAL IMPRESSIONS MULTIPLIERS
A42: Market | B42: Indonesia | C42: Korea | D42: Malaysia | E42: Pakistan | F42: Philippines | G42: Singapore
A43: Marketplace CTR | B43: 0.0009 | C43: 0.0008 | D43: 0.0011 | E43: 0.0012 | F43: 0.0011 | G43: 0.0012
A44: Premium CTR | B44: 0.0043 | C44: 0.0023 | D44: 0.0032 | E44: 0.0059 | F44: 0.0048 | G44: 0.0034 | L44: Then the original plan | M44: 1.25 | N44: Applies to total
A45: Social Impression Multiplier | B45: 12.9 | C45: 41.1 | D45: 21.4 | E45: 26.5 | F45: 32.4 | G45: 20.6 | M45: 0.75 | N45: Applies per type of adv
A46: Social CTR | B46: 0.0196 | C46: 0.0239 | D46: 0.0182 | E46: 0.0264 | F46: 0.0181 | G46: 0.0183
A47: CTR Mobile Ad | B47: 0.0005 | C47: 0.0005 | D47: 0.0005 | E47: 0.0005 | F47: 0.0005 | G47: 0.0005
A50: Max Clicks | B50: =H86 -> 139772.14
A52: Objective function: Maximization of clicks (impact)
A53: Parameters/constraints:
A54: -Total of impression <= 150% proposal
A55: -Total ad type/country >= 50% proposal
A56: - Mobile Ads should represent at least 40% of the total of impression in Korea & Singapore
A57: -Budget <= 95k
C59: IMPRESSIONS | G59: CLICKS | K59: COST | P59: IMPRESSIONS | T59: Mobile App % | X59: COST | AE59: =AVERAGE(AE73,AE81,AE77,AE69,AE65,AE61) -> 19.25 | AF59: =AVERAGE(AF73,AF81,AF77,AF69,AF65,AF61) -> 263380.33 | AH59: =AVERAGE(AH73,AH81,AH77,AH69,AH65,AH61) -> 7166 | AI59: =AVERAGE(AI73,AI81,AI77,AI69,AI65,AI61) -> 0.04463679 | AK59: =AVERAGE(AK73,AK81,AK77,AK69,AK65,AK61) -> 105.7 | AL59: =AVERAGE(AL73,AL81,AL77,AL69,AL65,AL61) -> 17.783333 | AM59: =AVERAGE(AM73,AM81,AM77,AM69,AM65,AM61) -> 91.833333 | AO59: =AVERAGE(AO73,AO81,AO77,AO69,AO65,AO61) -> 25.816667 | AP59: =AVERAGE(AP73,AP81,AP77,AP69,AP65,AP61) -> 0.02075
A60: Country | B60: Facebook Add | C60: Agency | D60: Model | E60: Var | F60: Var % | G60: Agency | H60: Model | I60: Var | J60: Var % | K60: Agency | L60: Model | M60: Var | N60: Var % | P60: Sign | Q60: Limit | R60: Cost/1000 | T60: Result | U60: Sign | V60: Limit | X60: Sign | Y60: MAX COST | AA60: CTR | AC60: Marketplace CTR | AE60: # Facebook Users (Ms) 2 | AF60: Fans | AH60: Growth | AI60: Growth % | AK60: Population (Ms) 1 | AL60: # Internet Users (Ms) 1 | AM60: Mobile Phones (Ms) 1 | AO60: Social Impression Multiplier | AP60: Social CTR | AR60: Impression/Internet User | AS60: Mobile Ads/MP
A61: Indonesia | C61: =SUM(C62:C64) -> 12500000 | D61: =SUM(D62:D64) -> 13713969 | E61: =IFERROR(D61-C61,0) -> 1213969.2 | F61: =E61/C61 -> 0.097117537 | G61: =SUM(G62:G64) -> 26134.502 | H61: =SUM(H62:H64) -> 32290.355 | I61: =IFERROR(H61-G61,0) -> 6155.8534 | J61: =I61/G61 -> 0.23554508 | K61: =SUM(K62:K64) -> 19815 | L61: =SUM(L62:L64) -> 24918.499 | M61: =IFERROR(L61-K61,0) -> 5103.499 | N61: =M61/K61 -> 0.25755736 | P61: <= | Q61: =C61*1.5 -> 18750000 | X61: <= | Y61: 95000 | AC61: =AVERAGE(AA74,AA82,AA78,AA70,AA66,AA62) -> 0.00105 | AE61: =INDEX($B$7:$B$47,MATCH(AE$60,$A$7:$A$47,0)) -> 51.1 | AF61: =INDEX($B$7:$B$47,MATCH(AF$60,$A$7:$A$47,0)) -> 778144 | AG61: =AF61/(AE61*1000000) -> 0.015227867 | AH61: =INDEX($B$7:$B$47,MATCH(AH$60,$A$7:$A$47,0)) -> 8009 | AI61: =INDEX($B$7:$B$47,MATCH(AI$60,$A$7:$A$47,0)) -> 0.010292439 | AK61: =INDEX($B$7:$B$47,MATCH(AK$60,$A$7:$A$47,0)) -> 251.2 | AL61: =INDEX($B$7:$B$47,MATCH(AL$60,$A$7:$A$47,0)) -> 20 | AM61: =INDEX($B$7:$B$47,MATCH(AM$60,$A$7:$A$47,0)) -> 248.8 | AO61: =INDEX($B$7:$B$47,MATCH(AO$60,$A$7:$A$47,0)) -> 12.9 | AP61: =INDEX($B$7:$B$47,MATCH(AP$60,$A$7:$A$47,0)) -> 0.0196 | AR61: =C61/(AL61*1000000) -> 0.625 | AS61: =C64/(AM61*1000000) -> 0.012057878 | AU61: 0.3 | AV61: 0.6
A62: Indonesia | B62: Marketplace | C62: =$B$25 -> 6000000 | D62: 5269341.7 | E62: =IFERROR(D62-C62,0) -> -730658.28 | F62: =E62/C62 -> -0.12177638 | G62: =C62*AA62 -> 5400 | H62: =D62*AA62 -> 4742.4075 | I62: =IFERROR(H62-G62,0) -> -657.59245 | J62: =I62/G62 -> -0.12177638 | K62: =R62*(C62/1000) -> 3180 | L62: =R62*(D62/1000) -> 2792.7511 | M62: =IFERROR(L62-K62,0) -> -387.24889 | N62: =M62/K62 -> -0.12177638 | P62: >= | Q62: =C62*0.5 -> 3000000 | R62: =$B$26 -> 0.53 | AA62: =INDEX($B$7:$B$47,MATCH(AC$60,$A$7:$A$47,0)) -> 0.0009 | AC62: Premium CTR
A63: Indonesia | B63: Premium | C63: =$B$29 -> 3500000 | D63: 4675286 | E63: =IFERROR(D63-C63,0) -> 1175286 | F63: =E63/C63 -> 0.335796 | G63: =C63*AA63+C63*AA63*AO61*AP61 -> 18855.242 | H63: =D63*AA63+D63*AA63*AO61*AP61 -> 25186.757 | I63: =IFERROR(H63-G63,0) -> 6331.5149 | J63: =I63/G63 -> 0.335796 | K63: =R63*(C63/1000) -> 15435 | L63: =R63*(D63/1000) -> 20618.011 | M63: =IFERROR(L63-K63,0) -> 5183.0113 | N63: =M63/K63 -> 0.335796 | P63: >= | Q63: =C63*0.5 -> 1750000 | R63: =$B$30 -> 4.41 | AA63: =INDEX($B$7:$B$47,MATCH(AC$62,$A$7:$A$47,0)) -> 0.0043 | AC63: =AVERAGE(AA75,AA83,AA79,AA71,AA67,AA63) -> 0.0039833333
A64: Indonesia | B64: Mobile Ads | C64: =$B$33 -> 3000000 | D64: 3769341.5 | E64: =IFERROR(D64-C64,0) -> 769341.48 | F64: =E64/C64 -> 0.25644716 | G64: =C64*AA64+C64*AA64*AO61*AP61 -> 1879.26 | H64: =D64*AA64+D64*AA64*AO61*AP61 -> 2361.1909 | I64: =IFERROR(H64-G64,0) -> 481.93089 | J64: =I64/G64 -> 0.25644716 | K64: =R64*(C64/1000) -> 1200 | L64: =R64*(D64/1000) -> 1507.7366 | M64: =IFERROR(L64-K64,0) -> 307.73659 | N64: =M64/K64 -> 0.25644716 | P64: >= | Q64: =C64*0.5 -> 1500000 | R64: =$B$34 -> 0.4 | AA64: =INDEX($B$7:$B$47,MATCH(AC$64,$A$7:$A$47,0)) -> 0.0005 | AC64: CTR Mobile Ad
A65: Korea | C65: =SUM(C66:C68) -> 9700000 | D65: =SUM(D66:D68) -> 14550000 | E65: =IFERROR(D65-C65,0) -> 4850000 | F65: =E65/C65 -> 0.5 | G65: =SUM(G66:G68) -> 21669.288 | H65: =SUM(H66:H68) -> 20448.781 | I65: =IFERROR(H65-G65,0) -> -1220.5065 | J65: =I65/G65 -> -0.056324256 | K65: =SUM(K66:K68) -> 24705 | L65: =SUM(L66:L68) -> 16232.543 | M65: =IFERROR(L65-K65,0) -> -8472.4573 | N65: =M65/K65 -> -0.34294504 | P65: <= | Q65: =C65*1.5 -> 14550000 | AC65: =AVERAGE(AA76,AA84,AA80,AA72,AA68,AA64) -> 0.0005 | AE65: =INDEX($C$7:$C$47,MATCH(AE$60,$A$7:$A$47,0)) -> 10 | AF65: =INDEX($C$7:$C$47,MATCH(AF$60,$A$7:$A$47,0)) -> 137801 | AG65: =AF65/(AE65*1000000) -> 0.0137801 | AH65: =INDEX($C$7:$C$47,MATCH(AH$60,$A$7:$A$47,0)) -> 9361 | AI65: =INDEX($C$7:$C$47,MATCH(AI$60,$A$7:$A$47,0)) -> 0.067931292 | AK65: =INDEX($C$7:$C$47,MATCH(AK$60,$A$7:$A$47,0)) -> 49 | AL65: =INDEX($C$7:$C$47,MATCH(AL$60,$A$7:$A$47,0)) -> 39.4 | AM65: =INDEX($C$7:$C$47,MATCH(AM$60,$A$7:$A$47,0)) -> 52.5 | AO65: =INDEX($C$7:$C$47,MATCH(AO$60,$A$7:$A$47,0)) -> 41.1 | AP65: =INDEX($C$7:$C$47,MATCH(AP$60,$A$7:$A$47,0)) -> 0.0239 | AR65: =C65/(AL65*1000000) -> 0.24619289 | AS65: =C68/(AM65*1000000) -> 0 | AU65: 0.3 | AV65: 0.6
A66: Korea | B66: Marketplace | C66: =$C$25 -> 6000000 | D66: 3000000.9 | E66: =IFERROR(D66-C66,0) -> -2999999.1 | F66: =E66/C66 -> -0.49999986 | G66: =C66*AA66 -> 4800 | H66: =D66*AA66 -> 2400.0007 | I66: =IFERROR(H66-G66,0) -> -2399.9993 | J66: =I66/G66 -> -0.49999986 | K66: =R66*(C66/1000) -> 5280 | L66: =R66*(D66/1000) -> 2640.0008 | M66: =IFERROR(L66-K66,0) -> -2639.9992 | N66: =M66/K66 -> -0.49999986 | P66: >= | Q66: =C66*0.5 -> 3000000 | R66: =$C$26 -> 0.88 | AA66: =INDEX($C$7:$C$47,MATCH(AC$60,$A$7:$A$47,0)) -> 0.0008
A67: Korea | B67: Premium | C67: =$C$29 -> 3700000 | D67: 1850008.7 | E67: =IFERROR(D67-C67,0) -> -1849991.3 | F67: =E67/C67 -> -0.49999765 | G67: =C67*AA67+C67*AA67*AO65*AP65 -> 16869.288 | H67: =D67*AA67+D67*AA67*AO65*AP65 -> 8434.6837 | I67: =IFERROR(H67-G67,0) -> -8434.6042 | J67: =I67/G67 -> -0.49999765 | K67: =R67*(C67/1000) -> 19425 | L67: =R67*(D67/1000) -> 9712.5457 | M67: =IFERROR(L67-K67,0) -> -9712.4543 | N67: =M67/K67 -> -0.49999765 | P67: >= | Q67: =C67*0.5 -> 1850000 | R67: =$C$30 -> 5.25 | AA67: =INDEX($C$7:$C$47,MATCH(AC$62,$A$7:$A$47,0)) -> 0.0023
A68: Korea | B68: Mobile Ads | C68: 0 | D68: 9699990.4 | E68: =IFERROR(D68-C68,0) -> 9699990.4 | G68: =C68*AA68+C68*AA68*AO65*AP65 -> 0 | H68: =D68*AA68+D68*AA68*AO65*AP65 -> 9614.097 | I68: =IFERROR(H68-G68,0) -> 9614.097 | K68: =R68*(C68/1000) -> 0 | L68: =R68*(D68/1000) -> 3879.9962 | M68: =IFERROR(L68-K68,0) -> 3879.9962 | P68: >= | Q68: 0 | R68: =R64 -> 0.4 | T68: =D68/D65 -> 0.66666601 | U68: >= | V68: 0.4 | AA68: =INDEX($C$7:$C$47,MATCH(AC$64,$A$7:$A$47,0)) -> 0.0005
A69: Malaysia | C69: =SUM(C70:C72) -> 12700000 | D69: =SUM(D70:D72) -> 6350007.6 | E69: =IFERROR(D69-C69,0) -> -6349992.4 | F69: =E69/C69 -> -0.4999994 | G69: =SUM(G70:G72) -> 25135.663 | H69: =SUM(H70:H72) -> 12567.859 | I69: =IFERROR(H69-G69,0) -> -12567.804 | J69: =I69/G69 -> -0.49999891 | K69: =SUM(K70:K72) -> 16714 | L69: =SUM(L70:L72) -> 8357.0196 | M69: =IFERROR(L69-K69,0) -> -8356.9804 | N69: =M69/K69 -> -0.49999883 | P69: <= | Q69: =C69*1.5 -> 19050000 | AE69: =INDEX($D$7:$D$47,MATCH(AE$60,$A$7:$A$47,0)) -> 13.6 | AF69: =INDEX($D$7:$D$47,MATCH(AF$60,$A$7:$A$47,0)) -> 128410 | AG69: =AF69/(AE69*1000000) -> 0.0094419118 | AH69: =INDEX($D$7:$D$47,MATCH(AH$60,$A$7:$A$47,0)) -> 2932 | AI69: =INDEX($D$7:$D$47,MATCH(AI$60,$A$7:$A$47,0)) -> 0.022833113 | AK69: =INDEX($D$7:$D$47,MATCH(AK$60,$A$7:$A$47,0)) -> 29.6 | AL69: =INDEX($D$7:$D$47,MATCH(AL$60,$A$7:$A$47,0)) -> 15.4 | AM69: =INDEX($D$7:$D$47,MATCH(AM$60,$A$7:$A$47,0)) -> 36.7 | AO69: =INDEX($D$7:$D$47,MATCH(AO$60,$A$7:$A$47,0)) -> 21.4 | AP69: =INDEX($D$7:$D$47,MATCH(AP$60,$A$7:$A$47,0)) -> 0.0182 | AR69: =C69/(AL69*1000000) -> 0.82467532 | AS69: =C72/(AM69*1000000) -> 0.081743869 | AU69: 0.3 | AV69: 0.6
A70: Malaysia | B70: Marketplace | C70: =$D$25 -> 6000000 | D70: 3000001.1 | E70: =IFERROR(D70-C70,0) -> -2999998.9 | F70: =E70/C70 -> -0.49999982 | G70: =C70*AA70 -> 6600 | H70: =D70*AA70 -> 3300.0012 | I70: =IFERROR(H70-G70,0) -> -3299.9988 | J70: =I70/G70 -> -0.49999982 | K70: =R70*(C70/1000) -> 3600 | L70: =R70*(D70/1000) -> 1800.0006 | M70: =IFERROR(L70-K70,0) -> -1799.9994 | N70: =M70/K70 -> -0.49999982 | P70: >= | Q70: =C70*0.5 -> 3000000 | R70: =$D$26 -> 0.6 | AA70: =INDEX($D$7:$D$47,MATCH(AC$60,$A$7:$A$47,0)) -> 0.0011
A71: Malaysia | B71: Premium | C71: =$D$29 -> 3700000 | D71: 1850005.8 | E71: =IFERROR(D71-C71,0) -> -1849994.2 | F71: =E71/C71 -> -0.49999844 | G71: =C71*AA71+C71*AA71*AO69*AP69 -> 16451.443 | H71: =D71*AA71+D71*AA71*AO69*AP69 -> 8225.7473 | I71: =IFERROR(H71-G71,0) -> -8225.6959 | J71: =I71/G71 -> -0.49999844 | K71: =R71*(C71/1000) -> 11914 | L71: =R71*(D71/1000) -> 5957.0186 | M71: =IFERROR(L71-K71,0) -> -5956.9814 | N71: =M71/K71 -> -0.49999844 | P71: >= | Q71: =C71*0.5 -> 1850000 | R71: =$D$30 -> 3.22 | AA71: =INDEX($D$7:$D$47,MATCH(AC$62,$A$7:$A$47,0)) -> 0.0032
A72: Malaysia | B72: Mobile Ads | C72: =$D$33 -> 3000000 | D72: 1500000.7 | E72: =IFERROR(D72-C72,0) -> -1499999.3 | F72: =E72/C72 -> -0.49999976 | G72: =C72*AA72+C72*AA72*AO69*AP69 -> 2084.22 | H72: =D72*AA72+D72*AA72*AO69*AP69 -> 1042.1105 | I72: =IFERROR(H72-G72,0) -> -1042.1095 | J72: =I72/G72 -> -0.49999976 | K72: =R72*(C72/1000) -> 1200 | L72: =R72*(D72/1000) -> 600.00029 | M72: =IFERROR(L72-K72,0) -> -599.99971 | N72: =M72/K72 -> -0.49999976 | P72: >= | Q72: =C72*0.5 -> 1500000 | R72: =$D$34 -> 0.4 | AA72: =INDEX($D$7:$D$47,MATCH(AC$64,$A$7:$A$47,0)) -> 0.0005
A73: =A74 -> Pakistan | C73: =SUM(C74:C76) -> 4700000 | D73: =SUM(D74:D76) -> 7050000 | E73: =IFERROR(D73-C73,0) -> 2350000 | F73: =E73/C73 -> 0.5 | G73: =SUM(G74:G76) -> 10768.748 | H73: =SUM(H74:H76) -> 52514.282 | I73: =IFERROR(H73-G73,0) -> 41745.534 | J73: =I73/G73 -> 3.8765448 | K73: =SUM(K74:K76) -> 4857 | L73: =SUM(L74:L76) -> 23155.5 | M73: =IFERROR(L73-K73,0) -> 18298.5 | N73: =M73/K73 -> 3.767449 | P73: <= | Q73: =C73*1.5 -> 7050000 | AE73: =INDEX($E$7:$E$47,MATCH(AE$60,$A$7:$A$47,0)) -> 8 | AF73: =INDEX($E$7:$E$47,MATCH(AF$60,$A$7:$A$47,0)) -> 316425 | AG73: =AF73/(AE73*1000000) -> 0.039553125 | AH73: =INDEX($E$7:$E$47,MATCH(AH$60,$A$7:$A$47,0)) -> 18994 | AI73: =INDEX($E$7:$E$47,MATCH(AI$60,$A$7:$A$47,0)) -> 0.060026863 | AK73: =INDEX($E$7:$E$47,MATCH(AK$60,$A$7:$A$47,0)) -> 193.2 | AL73: =INDEX($E$7:$E$47,MATCH(AL$60,$A$7:$A$47,0)) -> 20.4 | AM73: =INDEX($E$7:$E$47,MATCH(AM$60,$A$7:$A$47,0)) -> 111 | AO73: =INDEX($E$7:$E$47,MATCH(AO$60,$A$7:$A$47,0)) -> 26.5 | AP73: =INDEX($E$7:$E$47,MATCH(AP$60,$A$7:$A$47,0)) -> 0.0264 | AR73: =C73/(AL73*1000000) -> 0.23039216 | AS73: =C76/(AM73*1000000) -> 0.027027027 | AU73: 0.3 | AV73: 0.6
A74: Pakistan | B74: Marketplace | C74: =$E$25 -> 1000000 | D74: 500000 | E74: =IFERROR(D74-C74,0) -> -500000 | F74: =E74/C74 -> -0.5 | G74: =C74*AA74 -> 1200 | H74: =D74*AA74 -> 600 | I74: =IFERROR(H74-G74,0) -> -600 | J74: =I74/G74 -> -0.5 | K74: =R74*(C74/1000) -> 570 | L74: =R74*(D74/1000) -> 285 | M74: =IFERROR(L74-K74,0) -> -285 | N74: =M74/K74 -> -0.5 | P74: >= | Q74: =C74*0.5 -> 500000 | R74: =$E$26 -> 0.57 | AA74: =INDEX($E$7:$E$47,MATCH(AC$60,$A$7:$A$47,0)) -> 0.0012
A75: Pakistan | B75: Premium | C75: =$E$29 -> 700000 | D75: 5050000 | E75: =IFERROR(D75-C75,0) -> 4350000 | F75: =E75/C75 -> 6.2142857 | G75: =C75*AA75+C75*AA75*AO73*AP73 -> 7019.348 | H75: =D75*AA75+D75*AA75*AO73*AP73 -> 50639.582 | I75: =IFERROR(H75-G75,0) -> 43620.234 | J75: =I75/G75 -> 6.2142857 | K75: =R75*(C75/1000) -> 3087 | L75: =R75*(D75/1000) -> 22270.5 | M75: =IFERROR(L75-K75,0) -> 19183.5 | N75: =M75/K75 -> 6.2142857 | P75: >= | Q75: =C75*0.5 -> 350000 | R75: =$E$30 -> 4.41 | AA75: =INDEX($E$7:$E$47,MATCH(AC$62,$A$7:$A$47,0)) -> 0.0059
A76: Pakistan | B76: Mobile Ads | C76: =$E$33 -> 3000000 | D76: 1500000 | E76: =IFERROR(D76-C76,0) -> -1500000 | F76: =E76/C76 -> -0.5 | G76: =C76*AA76+C76*AA76*AO73*AP73 -> 2549.4 | H76: =D76*AA76+D76*AA76*AO73*AP73 -> 1274.7 | I76: =IFERROR(H76-G76,0) -> -1274.7 | J76: =I76/G76 -> -0.5 | K76: =R76*(C76/1000) -> 1200 | L76: =R76*(D76/1000) -> 600 | M76: =IFERROR(L76-K76,0) -> -600 | N76: =M76/K76 -> -0.5 | P76: >= | Q76: =C76*0.5 -> 1500000 | R76: =$E$34 -> 0.4 | AA76: =INDEX($E$7:$E$47,MATCH(AC$64,$A$7:$A$47,0)) -> 0.0005
A77: =A78 -> Philippines | C77: =SUM(C78:C80) -> 12700000 | D77: =SUM(D78:D80) -> 6350000 | E77: =IFERROR(D77-C77,0) -> -6350000 | F77: =E77/C77 -> -0.5 | G77: =SUM(G78:G80) -> 37154.834 | H77: =SUM(H78:H80) -> 18577.417 | I77: =IFERROR(H77-G77,0) -> -18577.417 | J77: =I77/G77 -> -0.5 | K77: =SUM(K78:K80) -> 18805 | L77: =SUM(L78:L80) -> 9402.5 | M77: =IFERROR(L77-K77,0) -> -9402.5 | N77: =M77/K77 -> -0.5 | P77: <= | Q77: =C77*1.5 -> 19050000 | AE77: =INDEX($F$7:$F$47,MATCH(AE$60,$A$7:$A$47,0)) -> 29.9 | AF77: =INDEX($F$7:$F$47,MATCH(AF$60,$A$7:$A$47,0)) -> 203907 | AG77: =AF77/(AE77*1000000) -> 0.0068196321 | AH77: =INDEX($F$7:$F$47,MATCH(AH$60,$A$7:$A$47,0)) -> 2204 | AI77: =INDEX($F$7:$F$47,MATCH(AI$60,$A$7:$A$47,0)) -> 0.010808849 | AK77: =INDEX($F$7:$F$47,MATCH(AK$60,$A$7:$A$47,0)) -> 105.7 | AL77: =INDEX($F$7:$F$47,MATCH(AL$60,$A$7:$A$47,0)) -> 8.3 | AM77: =INDEX($F$7:$F$47,MATCH(AM$60,$A$7:$A$47,0)) -> 94.2 | AO77: =INDEX($F$7:$F$47,MATCH(AO$60,$A$7:$A$47,0)) -> 32.4 | AP77: =INDEX($F$7:$F$47,MATCH(AP$60,$A$7:$A$47,0)) -> 0.0181 | AR77: =C77/(AL77*1000000) -> 1.5301205 | AS77: =C80/(AM77*1000000) -> 0.031847134 | AU77: 0.3 | AV77: 0.6
A78: Philippines | B78: Marketplace | C78: =$F$25 -> 6000000 | D78: 3000000 | E78: =IFERROR(D78-C78,0) -> -3000000 | F78: =E78/C78 -> -0.5 | G78: =C78*AA78 -> 6600 | H78: =D78*AA78 -> 3300 | I78: =IFERROR(H78-G78,0) -> -3300 | J78: =I78/G78 -> -0.5 | K78: =R78*(C78/1000) -> 3360 | L78: =R78*(D78/1000) -> 1680 | M78: =IFERROR(L78-K78,0) -> -1680 | N78: =M78/K78 -> -0.5 | P78: >= | Q78: =C78*0.5 -> 3000000 | R78: =$F$26 -> 0.56 | AA78: =INDEX($F$7:$F$47,MATCH(AC$60,$A$7:$A$47,0)) -> 0.0011
A79: Philippines | B79: Premium | C79: =$F$29 -> 3700000 | D79: 1850000 | E79: =IFERROR(D79-C79,0) -> -1850000 | F79: =E79/C79 -> -0.5 | G79: =C79*AA79+C79*AA79*AO77*AP77 -> 28175.174 | H79: =D79*AA79+D79*AA79*AO77*AP77 -> 14087.587 | I79: =IFERROR(H79-G79,0) -> -14087.587 | J79: =I79/G79 -> -0.5 | K79: =R79*(C79/1000) -> 14245 | L79: =R79*(D79/1000) -> 7122.5 | M79: =IFERROR(L79-K79,0) -> -7122.5 | N79: =M79/K79 -> -0.5 | P79: >= | Q79: =C79*0.5 -> 1850000 | R79: =$F$30 -> 3.85 | AA79: =INDEX($F$7:$F$47,MATCH(AC$62,$A$7:$A$47,0)) -> 0.0048
A80: Philippines | B80: Mobile Ads | C80: =$F$33 -> 3000000 | D80: 1500000 | E80: =IFERROR(D80-C80,0) -> -1500000 | F80: =E80/C80 -> -0.5 | G80: =C80*AA80+C80*AA80*AO77*AP77 -> 2379.66 | H80: =D80*AA80+D80*AA80*AO77*AP77 -> 1189.83 | I80: =IFERROR(H80-G80,0) -> -1189.83 | J80: =I80/G80 -> -0.5 | K80: =R80*(C80/1000) -> 1200 | L80: =R80*(D80/1000) -> 600 | M80: =IFERROR(L80-K80,0) -> -600 | N80: =M80/K80 -> -0.5 | P80: >= | Q80: =C80*0.5 -> 1500000 | R80: =$F$34 -> 0.4 | AA80: =INDEX($F$7:$F$47,MATCH(AC$64,$A$7:$A$47,0)) -> 0.0005
A81: =A82 -> Singapore | C81: =SUM(C82:C84) -> 6350000 | D81: =SUM(D82:D84) -> 2104999.4 | E81: =IFERROR(D81-C81,0) -> -4245000.6 | F81: =E81/C81 -> -0.66850402 | G81: =SUM(G82:G84) -> 10785.808 | H81: =SUM(H82:H84) -> 3373.4401 | I81: =IFERROR(H81-G81,0) -> -7412.3681 | J81: =I81/G81 -> -0.68723344 | K81: =SUM(K82:K84) -> 10180 | L81: =SUM(L82:L84) -> 3133.9998 | M81: =IFERROR(L81-K81,0) -> -7046.0002 | N81: =M81/K81 -> -0.69214148 | P81: <= | Q81: =C81*1.5 -> 9525000 | AE81: =INDEX($G$7:$G$47,MATCH(AE$60,$A$7:$A$47,0)) -> 2.9 | AF81: =INDEX($G$7:$G$47,MATCH(AF$60,$A$7:$A$47,0)) -> 15595 | AG81: =AF81/(AE81*1000000) -> 0.0053775862 | AH81: =INDEX($G$7:$G$47,MATCH(AH$60,$A$7:$A$47,0)) -> 1496 | AI81: =INDEX($G$7:$G$47,MATCH(AI$60,$A$7:$A$47,0)) -> 0.095928182 | AK81: =INDEX($G$7:$G$47,MATCH(AK$60,$A$7:$A$47,0)) -> 5.5 | AL81: =INDEX($G$7:$G$47,MATCH(AL$60,$A$7:$A$47,0)) -> 3.2 | AM81: =INDEX($G$7:$G$47,MATCH(AM$60,$A$7:$A$47,0)) -> 7.8 | AO81: =INDEX($G$7:$G$47,MATCH(AO$60,$A$7:$A$47,0)) -> 20.6 | AP81: =INDEX($G$7:$G$47,MATCH(AP$60,$A$7:$A$47,0)) -> 0.0183 | AR81: =C81/(AL81*1000000) -> 1.984375 | AS81: =C84/(AM81*1000000) -> 0.38461538 | AU81: 0.3 | AV81: 0.6
A82: Singapore | B82: Marketplace | C82: =$G$25 -> 2000000 | D82: 600000 | E82: =IFERROR(D82-C82,0) -> -1400000 | F82: =E82/C82 -> -0.7 | G82: =C82*AA82 -> 2400 | H82: =D82*AA82 -> 720 | I82: =IFERROR(H82-G82,0) -> -1680 | J82: =I82/G82 -> -0.7 | K82: =R82*(C82/1000) -> 1420 | L82: =R82*(D82/1000) -> 426 | M82: =IFERROR(L82-K82,0) -> -994 | N82: =M82/K82 -> -0.7 | P82: >= | Q82: =C82*0.3 -> 600000 | R82: =$G$26 -> 0.71 | AA82: =INDEX($G$7:$G$47,MATCH(AC$60,$A$7:$A$47,0)) -> 0.0012
A83: Singapore | B83: Premium | C83: =$G$29 -> 1350000 | D83: 405000 | E83: =IFERROR(D83-C83,0) -> -945000 | F83: =E83/C83 -> -0.7 | G83: =C83*AA83+C83*AA83*AO81*AP81 -> 6320.3382 | H83: =D83*AA83+D83*AA83*AO81*AP81 -> 1896.1015 | I83: =IFERROR(H83-G83,0) -> -4424.2367 | J83: =I83/G83 -> -0.7 | K83: =R83*(C83/1000) -> 7560 | L83: =R83*(D83/1000) -> 2268 | M83: =IFERROR(L83-K83,0) -> -5292 | N83: =M83/K83 -> -0.7 | P83: >= | Q83: =C83*0.3 -> 405000 | R83: =$G$30 -> 5.6 | AA83: =INDEX($G$7:$G$47,MATCH(AC$62,$A$7:$A$47,0)) -> 0.0034
A84: Singapore | B84: Mobile Ads | C84: =$G$33 -> 3000000 | D84: 1099999.4 | E84: =IFERROR(D84-C84,0) -> -1900000.6 | F84: =E84/C84 -> -0.63333352 | G84: =C84*AA84+C84*AA84*AO81*AP81 -> 2065.47 | H84: =D84*AA84+D84*AA84*AO81*AP81 -> 757.33862 | I84: =IFERROR(H84-G84,0) -> -1308.1314 | J84: =I84/G84 -> -0.63333352 | K84: =R84*(C84/1000) -> 1200 | L84: =R84*(D84/1000) -> 439.99978 | M84: =IFERROR(L84-K84,0) -> -760.00022 | N84: =M84/K84 -> -0.63333352 | P84: >= | Q84: =C84*0.3 -> 900000 | R84: =$G$34 -> 0.4 | T84: =D84/D81 -> 0.52256519 | U84: >= | V84: 0.4 | AA84: =INDEX($G$7:$G$47,MATCH(AC$64,$A$7:$A$47,0)) -> 0.0005
A85: Agency fee | K85: =SUM(K81,K77,K73,K69,K65,K61)*0.09 -> 8556.84 | L85: =SUM(L81,L77,L73,L69,L65,L61)*0.09 -> 7668.0055 | M85: =SUM(M81,M77,M73,M69,M65,M61)*0.09 -> -888.83451 | N85: =M85/K85 -> -0.10387415 | AR85: =C86/(SUM(AL61:AL85)*1000000) -> 0.54967198
A86: TOTAL | C86: =SUM(C81,C77,C73,C69,C65,C61) -> 58650000 | D86: =SUM(D81,D77,D73,D69,D65,D61) -> 50118976 | E86: =SUM(E81,E77,E73,E69,E65,E61) -> -8531023.8 | F86: =E86/C86 -> -0.1454565 | G86: =SUM(G81,G77,G73,G69,G65,G61) -> 131648.84 | H86: =SUM(H81,H77,H73,H69,H65,H61) -> 139772.14 | I86: =SUM(I81,I77,I73,I69,I65,I61) -> 8123.2913 | J86: =I86/G86 -> 0.061704236 | K86: =SUM(K81,K77,K73,K69,K65,K61)*1.09 -> 103632.84 | L86: =SUM(L82:L84,L78:L80,L74:L75,L76,L70:L72,L66:L68,L62:L64)*1.09 -> 92868.067 | M86: =SUM(M81,M77,M73,M69,M65,M61) -> -9875.939 | N86: =M86/K86 -> -0.095297388
AP88: =D61/(AL61*1000000) -> 0.68569846 | AR88: 0.35
AP89: =D65/(AL65*1000000) -> 0.36928934 | AR89: 0.35
AP90: =D69/(AL69*1000000) -> 0.41233815 | AR90: 0.35
AP91: =D73/(AL73*1000000) -> 0.34558824 | AR91: 0.35
AP92: =D77/(AL77*1000000) -> 0.76506024 | AR92: 0.35
AP93: =D81/(AL81*1000000) -> 0.65781233 | AR93: 0.35
AP101: =D61/(AL61*1000000) -> 0.68569846 | AR101: 0.75
AP102: =D65/(AL65*1000000) -> 0.36928934 | AR102: 0.75
AP103: =D69/(AL69*1000000) -> 0.41233815 | AR103: 0.75
AP104: =D73/(AL73*1000000) -> 0.34558824 | AR104: 0.75
AP105: =D77/(AL77*1000000) -> 0.76506024 | AR105: 0.75
AP106: =D81/(AL81*1000000) -> 0.65781233 | AR106: 0.75

Sheet Model 2 Modify
A2: Problem | B2: Exceeding budget, optimization of resources
A3: Objective | B3: Decided which marketing plan is better. 1) Agency plan 2) Peter Dingle plans 3) New Plan (other)
A5: EXHIBIT 1: DEMOGRAPHIC AND TECHNOLOGY PENETRATION DATA
A6: Intel AP Markets | B6: Indonesia | C6: Korea | D6: Malaysia | E6: Pakistan | F6: Philippines | G6: Singapore
A7: Population (Ms) 1 | B7: 251.2 | C7: 49 | D7: 29.6 | E7: 193.2 | F7: 105.7 | G7: 5.5
A8: # Internet Users (Ms) 1 | B8: 20 | C8: 39.4 | D8: 15.4 | E8: 20.4 | F8: 8.3 | G8: 3.2
A9: Mobile Phones (Ms) 1 | B9: 248.8 | C9: 52.5 | D9: 36.7 | E9: 111 | F9: 94.2 | G9: 7.8
A10: # Facebook Users (Ms) 2 | B10: 51.1 | C10: 10 | D10: 13.6 | E10: 8 | F10: 29.9 | G10: 2.9
A11: Sources: 1 CIA World Factbook, accessed July 25, 2013; | E11: 2 www.internetworldstats.com/, accessed July 25, 2013.
A13: EXHIBIT 2: INTEL ASIA-PACIFIC FACEBOOK COMMUNITIES (AUGUST 2012)
A14: Intel Market | B14: Indonesia | C14: Korea | D14: Malaysia | E14: Pakistan | F14: Philippines | G14: Singapore
A15: Fans | B15: 778144 | C15: 137801 | D15: 128410 | E15: 316425 | F15: 203907 | G15: 15595
A16: Growth | B16: 8009 | C16: 9361 | D16: 2932 | E16: 18994 | F16: 2204 | G16: 1496
A17: Top Demographic | B17: M 18-24 | C17: F 18-24 | D17: M 18-24 | E17: M 18-24 | F17: M 18-24 | G17: M 18-24
A18: Growth % | B18: =B16/B15 -> 0.010292439 | C18: =C16/C15 -> 0.067931292 | D18: =D16/D15 -> 0.022833113 | E18: =E16/E15 -> 0.060026863 | F18: =F16/F15 -> 0.010808849 | G18: =G16/G15 -> 0.095928182
A19: Source: Intel Asia-Pacific Marketing
A21: Page 9 | H21: 9B13E023
A22: EXHIBIT 4: PRELIMINARY MEDIA PLAN PROPOSED BY IMPACT MARKETING LTD
B23: Indonesia | C23: Korea | D23: Malaysia | E23: Pakistan | F23: Philippines | G23: Singapore | H23: Total
A24: Marketplace
A25: Impressions | B25: 6000000 | C25: 6000000 | D25: 6000000 | E25: 1000000 | F25: 6000000 | G25: 2000000 | H25: 27000000
A26: CPM | B26: 0.53 | C26: 0.88 | D26: 0.6 | E26: 0.57 | F26: 0.56 | G26: 0.71 | H26: 0.64
A27: Cost | B27: 3180 | C27: 5280 | D27: 3600 | E27: 570 | F27: 3360 | G27: 1420 | H27: 17410
A28: Premium
A29: Impressions | B29: 3500000 | C29: 3700000 | D29: 3700000 | E29: 700000 | F29: 3700000 | G29: 1350000 | H29: 16650000
A30: CPM | B30: 4.41 | C30: 5.25 | D30: 3.22 | E30: 4.41 | F30: 3.85 | G30: 5.6 | H30: 4.3
A31: Cost | B31: 15435 | C31: 19425 | D31: 11914 | E31: 3087 | F31: 14245 | G31: 7560 | H31: 71666
A32: Mobile Ads
A33: Impressions | B33: 3000000 | C33: - | D33: 3000000 | E33: 3000000 | F33: 3000000 | G33: 3000000 | H33: 15000000 | I33: *look for reason of not having mobile ads in korea, if not found use same price
A34: CPM | B34: 0.4 | C34: - | D34: 0.4 | E34: 0.4 | F34: 0.4 | G34: 0.4 | H34: 0.4
A35: Cost | B35: 1200 | C35: - | D35: 1200 | E35: 1200 | F35: 1200 | G35: 1200 | H35: 6000
A36: Total Ads
A37: Impressions | B37: 12500000 | C37: 9700000 | D37: 12700000 | E37: 4700000 | F37: 12700000 | G37: 6350000 | H37: 58650000 | I37: Including agency fee
A38: Cost | B38: 19815 | C38: 24705 | D38: 16714 | E38: 4857 | F38: 18805 | G38: 10180 | H38: 95076 | I38: =H38*1.09 -> 103632.84
A40: EXHIBIT 5: INTEL’S ESTIMATED CLICK-THROUGH RATES AND SOCIAL IMPRESSIONS MULTIPLIERS
A42: Market | B42: Indonesia | C42: Korea | D42: Malaysia | E42: Pakistan | F42: Philippines | G42: Singapore
A43: Marketplace CTR | B43: 0.0009 | C43: 0.0008 | D43: 0.0011 | E43: 0.0012 | F43: 0.0011 | G43: 0.0012
A44: Premium CTR | B44: 0.0043 | C44: 0.0023 | D44: 0.0032 | E44: 0.0059 | F44: 0.0048 | G44: 0.0034 | L44: Then the original plan | M44: 1.25 | N44: Applies to total
A45: Social Impression Multiplier | B45: 12.9 | C45: 41.1 | D45: 21.4 | E45: 26.5 | F45: 32.4 | G45: 20.6 | M45: 0.75 | N45: Applies per type of adv
A46: Social CTR | B46: 0.0196 | C46: 0.0239 | D46: 0.0182 | E46: 0.0264 | F46: 0.0181 | G46: 0.0183
A47: CTR Mobile Ad | B47: 0.0005 | C47: 0.0005 | D47: 0.0005 | E47: 0.0005 | F47: 0.0005 | G47: 0.0005
A50: Max (Impression*CTR=Clicks) | B50: =SUM(H86) -> 183486.24 | C50: *look at impressions
A52: Parameters:
C58: *look for external CTR | AF58: TRANSLATE INTO CTR
C59: IMPRESSIONS | G59: CLICKS | K59: COST | Q59: Impression | W59: =AVERAGE(W73,W81,W77,W69,W65,W61) -> 105.7 | X59: =AVERAGE(X73,X81,X77,X69,X65,X61) -> 17.783333 | Y59: =AVERAGE(Y73,Y81,Y77,Y69,Y65,Y61) -> 91.833333 | Z59: =AVERAGE(Z73,Z81,Z77,Z69,Z65,Z61) -> 19.25 | AA59: =AVERAGE(AA73,AA81,AA77,AA69,AA65,AA61) -> 263380.33 | AB59: =AVERAGE(AB73,AB81,AB77,AB69,AB65,AB61) -> 7166 | AC59: =AVERAGE(AC73,AC81,AC77,AC69,AC65,AC61) -> 0.04463679 | AD59: =AVERAGE(AD73,AD81,AD77,AD69,AD65,AD61) -> 0.00105 | ... AH59: =AVERAGE(AH73,AH81,AH77,AH69,AH65,AH61) -> 0.0005
A60: Country | B60: Facebook Add | C60: Agency | D60: Model | E60: Var | F60: Var % | G60: Agency | H60: Model | I60: Var | J60: Var % | K60: Agency | L60: Model | M60: Var | N60: Var % | Q60: Sign | R60: Limit | V60: CONSTRAIN ON COST | W60: Population (Ms) 1 | X60: # Internet Users (Ms) 1 | Y60: Mobile Phones (Ms) 1 | Z60: # Facebook Users (Ms) 2 | AA60: Fans | AB60: Growth | AC60: Growth % | AD60: Marketplace CTR | AE60: Premium CTR | AF60: Social Impression Multiplier | AG60: Social CTR | AH60: CTR Mobile Ad
A61: Indonesia | C61: =SUM(C62:C64) -> 12500000 | D61: =SUM(D62:D64) -> 0 | E61: =IFERROR(D61-C61,0) -> -12500000 | F61: =E61/C61 -> -1 | G61: =SUM(G62:G64) -> 21950 | H61: =SUM(H62:H64) -> 0 | I61: =IFERROR(H61-G61,0) -> -21950 | J61: =I61/G61 -> -1 | K61: =SUM(K62:K64) -> 19815 | L61: =SUM(L62:L64) -> 0 | M61: =IFERROR(L61-K61,0) -> -19815 | N61: =M61/K61 -> -1 | Q61: <= | R61: =C61*1.25 -> 15625000 | U61: <= | V61: 95000 | W61: =INDEX($B$7:$B$47,MATCH(W$60,$A$7:$A$47,0)) -> 251.2 | X61: =INDEX($B$7:$B$47,MATCH(X$60,$A$7:$A$47,0)) -> 20 | Y61: =INDEX($B$7:$B$47,MATCH(Y$60,$A$7:$A$47,0)) -> 248.8 | Z61: =INDEX($B$7:$B$47,MATCH(Z$60,$A$7:$A$47,0)) -> 51.1 | AA61: =INDEX($B$7:$B$47,MATCH(AA$60,$A$7:$A$47,0)) -> 778144 | AB61: =INDEX($B$7:$B$47,MATCH(AB$60,$A$7:$A$47,0)) -> 8009 | AC61: =INDEX($B$7:$B$47,MATCH(AC$60,$A$7:$A$47,0)) -> 0.010292439 | AD61: =INDEX($B$7:$B$47,MATCH(AD$60,$A$7:$A$47,0)) -> 0.0009 | ... AH61: =INDEX($B$7:$B$47,MATCH(AH$60,$A$7:$A$47,0)) -> 0.0005
A62: Indonesia | B62: Marketplace | C62: =$B$25 -> 6000000 | D62: 0 | E62: =IFERROR(D62-C62,0) -> -6000000 | F62: =E62/C62 -> -1 | G62: =C62*AD61 -> 5400 | H62: =D62*AD61 -> 0 | I62: =IFERROR(H62-G62,0) -> -5400 | J62: =I62/G62 -> -1 | K62: =S62*(C62/1000) -> 3180 | L62: =S62*(D62/1000) -> 0 | M62: =IFERROR(L62-K62,0) -> -3180 | N62: =M62/K62 -> -1 | Q62: >= | R62: =C62*0.75 -> 4500000 | S62: =$B$26 -> 0.53
A63: Indonesia | B63: Premium | C63: =$B$29 -> 3500000 | D63: 0 | E63: =IFERROR(D63-C63,0) -> -3500000 | F63: =E63/C63 -> -1 | G63: =C63*AE61 -> 15050 | H63: =D63*AE61 -> 0 | I63: =IFERROR(H63-G63,0) -> -15050 | J63: =I63/G63 -> -1 | K63: =S63*(C63/1000) -> 15435 | L63: =S63*(D63/1000) -> 0 | M63: =IFERROR(L63-K63,0) -> -15435 | N63: =M63/K63 -> -1 | Q63: >= | R63: =C63*0.75 -> 2625000 | S63: =$B$30 -> 4.41
A64: Indonesia | B64: Mobile Ads | C64: =$B$33 -> 3000000 | D64: 0 | E64: =IFERROR(D64-C64,0) -> -3000000 | F64: =E64/C64 -> -1 | G64: =AH61*C64 -> 1500 | H64: =AH61*D64 -> 0 | I64: =IFERROR(H64-G64,0) -> -1500 | J64: =I64/G64 -> -1 | K64: =S64*(C64/1000) -> 1200 | L64: =S64*(D64/1000) -> 0 | M64: =IFERROR(L64-K64,0) -> -1200 | N64: =M64/K64 -> -1 | Q64: >= | R64: =C64*0.75 -> 2250000 | S64: =$B$34 -> 0.4
A65: Korea | C65: =SUM(C66:C68) -> 9700000 | D65: =SUM(D66:D68) -> 1 | E65: =IFERROR(D65-C65,0) -> -9699999 | F65: =E65/C65 -> -0.9999999 | G65: =SUM(G66:G68) -> 13310 | H65: =SUM(H66:H68) -> 0.0005 | I65: =IFERROR(H65-G65,0) -> -13309.999 | J65: =I65/G65 -> -0.99999996 | K65: =SUM(K66:K68) -> 24705 | L65: =SUM(L66:L68) -> 0.0004 | M65: =IFERROR(L65-K65,0) -> -24705 | N65: =M65/K65 -> -0.99999998 | Q65: <= | R65: =C65*1.25 -> 12125000 | W65: =INDEX($C$7:$C$47,MATCH(W$60,$A$7:$A$47,0)) -> 49 | X65: =INDEX($C$7:$C$47,MATCH(X$60,$A$7:$A$47,0)) -> 39.4 | Y65: =INDEX($C$7:$C$47,MATCH(Y$60,$A$7:$A$47,0)) -> 52.5 | Z65: =INDEX($C$7:$C$47,MATCH(Z$60,$A$7:$A$47,0)) -> 10 | AA65: =INDEX($C$7:$C$47,MATCH(AA$60,$A$7:$A$47,0)) -> 137801 | AB65: =INDEX($C$7:$C$47,MATCH(AB$60,$A$7:$A$47,0)) -> 9361 | AC65: =INDEX($C$7:$C$47,MATCH(AC$60,$A$7:$A$47,0)) -> 0.067931292 | AD65: =INDEX($C$7:$C$47,MATCH(AD$60,$A$7:$A$47,0)) -> 0.0008 | ... AH65: =INDEX($C$7:$C$47,MATCH(AH$60,$A$7:$A$47,0)) -> 0.0005
A66: Korea | B66: Marketplace | C66: =$C$25 -> 6000000 | D66: 0 | E66: =IFERROR(D66-C66,0) -> -6000000 | F66: =E66/C66 -> -1 | G66: =C66*AD65 -> 4800 | H66: =D66*AD65 -> 0 | I66: =IFERROR(H66-G66,0) -> -4800 | J66: =I66/G66 -> -1 | K66: =S66*(C66/1000) -> 5280 | L66: =S66*(D66/1000) -> 0 | M66: =IFERROR(L66-K66,0) -> -5280 | N66: =M66/K66 -> -1 | Q66: >= | R66: =C66*0.75 -> 4500000 | S66: =$C$26 -> 0.88
A67: Korea | B67: Premium | C67: =$C$29 -> 3700000 | D67: 0 | E67: =IFERROR(D67-C67,0) -> -3700000 | F67: =E67/C67 -> -1 | G67: =C67*AE65 -> 8510 | H67: =D67*AE65 -> 0 | I67: =IFERROR(H67-G67,0) -> -8510 | J67: =I67/G67 -> -1 | K67: =S67*(C67/1000) -> 19425 | L67: =S67*(D67/1000) -> 0 | M67: =IFERROR(L67-K67,0) -> -19425 | N67: =M67/K67 -> -1 | Q67: >= | R67: =C67*0.75 -> 2775000 | S67: =$C$30 -> 5.25
A68: Korea | B68: Mobile Ads | C68: 0 | D68: 1 | E68: =IFERROR(D68-C68,0) -> 1 | G68: =AH65*C68 -> 0 | H68: =AH65*D68 -> 0.0005 | I68: =IFERROR(H68-G68,0) -> 0.0005 | K68: =S68*(C68/1000) -> 0 | L68: =S68*(D68/1000) -> 0.0004 | M68: =IFERROR(L68-K68,0) -> 0.0004 | Q68: >= | R68: 0 | S68: =S64 -> 0.4
A69: Malaysia | C69: =SUM(C70:C72) -> 12700000 | D69: =SUM(D70:D72) -> 0 | E69: =IFERROR(D69-C69,0) -> -12700000 | F69: =E69/C69 -> -1 | G69: =SUM(G70:G72) -> 19940 | H69: =SUM(H70:H72) -> 0 | I69: =IFERROR(H69-G69,0) -> -19940 | J69: =I69/G69 -> -1 | K69: =SUM(K70:K72) -> 16714 | L69: =SUM(L70:L72) -> 0 | M69: =IFERROR(L69-K69,0) -> -16714 | N69: =M69/K69 -> -1 | Q69: <= | R69: =C69*1.25 -> 15875000 | W69: =INDEX($D$7:$D$47,MATCH(W$60,$A$7:$A$47,0)) -> 29.6 | X69: =INDEX($D$7:$D$47,MATCH(X$60,$A$7:$A$47,0)) -> 15.4 | Y69: =INDEX($D$7:$D$47,MATCH(Y$60,$A$7:$A$47,0)) -> 36.7 | Z69: =INDEX($D$7:$D$47,MATCH(Z$60,$A$7:$A$47,0)) -> 13.6 | AA69: =INDEX($D$7:$D$47,MATCH(AA$60,$A$7:$A$47,0)) -> 128410 | AB69: =INDEX($D$7:$D$47,MATCH(AB$60,$A$7:$A$47,0)) -> 2932 | AC69: =INDEX($D$7:$D$47,MATCH(AC$60,$A$7:$A$47,0)) -> 0.022833113 | AD69: =INDEX($D$7:$D$47,MATCH(AD$60,$A$7:$A$47,0)) -> 0.0011 | ... AH69: =INDEX($D$7:$D$47,MATCH(AH$60,$A$7:$A$47,0)) -> 0.0005
A70: Malaysia | B70: Marketplace | C70: =$D$25 -> 6000000 | D70: 0 | E70: =IFERROR(D70-C70,0) -> -6000000 | F70: =E70/C70 -> -1 | G70: =C70*AD69 -> 6600 | H70: =D70*AD69 -> 0 | I70: =IFERROR(H70-G70,0) -> -6600 | J70: =I70/G70 -> -1 | K70: =S70*(C70/1000) -> 3600 | L70: =S70*(D70/1000) -> 0 | M70: =IFERROR(L70-K70,0) -> -3600 | N70: =M70/K70 -> -1 | Q70: >= | R70: =C70*0.75 -> 4500000 | S70: =$D$26 -> 0.6
A71: Malaysia | B71: Premium | C71: =$D$29 -> 3700000 | D71: 0 | E71: =IFERROR(D71-C71,0) -> -3700000 | F71: =E71/C71 -> -1 | G71: =C71*AE69 -> 11840 | H71: =D71*AE69 -> 0 | I71: =IFERROR(H71-G71,0) -> -11840 | J71: =I71/G71 -> -1 | K71: =S71*(C71/1000) -> 11914 | L71: =S71*(D71/1000) -> 0 | M71: =IFERROR(L71-K71,0) -> -11914 | N71: =M71/K71 -> -1 | Q71: >= | R71: =C71*0.75 -> 2775000 | S71: =$D$30 -> 3.22
A72: Malaysia | B72: Mobile Ads | C72: =$D$33 -> 3000000 | D72: 0 | E72: =IFERROR(D72-C72,0) -> -3000000 | F72: =E72/C72 -> -1 | G72: =AH69*C72 -> 1500 | H72: =AH69*D72 -> 0 | I72: =IFERROR(H72-G72,0) -> -1500 | J72: =I72/G72 -> -1 | K72: =S72*(C72/1000) -> 1200 | L72: =S72*(D72/1000) -> 0 | M72: =IFERROR(L72-K72,0) -> -1200 | N72: =M72/K72 -> -1 | Q72: >= | R72: =C72*0.75 -> 2250000 | S72: =$D$34 -> 0.4
A73: =A74 -> Pakistan | C73: =SUM(C74:C76) -> 4700000 | D73: =SUM(D74:D76) -> 152905198 | E73: =IFERROR(D73-C73,0) -> 148205198 | F73: =E73/C73 -> 31.533021 | G73: =SUM(G74:G76) -> 6830 | H73: =SUM(H74:H76) -> 183486.24 | I73: =IFERROR(H73-G73,0) -> 176656.24 | J73: =I73/G73 -> 25.864749 | K73: =SUM(K74:K76) -> 4857 | L73: =SUM(L74:L76) -> 87155.963 | M73: =IFERROR(L73-K73,0) -> 82298.963 | N73: =M73/K73 -> 16.944402 | Q73: <= | R73: =C73*1.25 -> 5875000 | W73: =INDEX($E$7:$E$47,MATCH(W$60,$A$7:$A$47,0)) -> 193.2 | X73: =INDEX($E$7:$E$47,MATCH(X$60,$A$7:$A$47,0)) -> 20.4 | Y73: =INDEX($E$7:$E$47,MATCH(Y$60,$A$7:$A$47,0)) -> 111 | Z73: =INDEX($E$7:$E$47,MATCH(Z$60,$A$7:$A$47,0)) -> 8 | AA73: =INDEX($E$7:$E$47,MATCH(AA$60,$A$7:$A$47,0)) -> 316425 | AB73: =INDEX($E$7:$E$47,MATCH(AB$60,$A$7:$A$47,0)) -> 18994 | AC73: =INDEX($E$7:$E$47,MATCH(AC$60,$A$7:$A$47,0)) -> 0.060026863 | AD73: =INDEX($E$7:$E$47,MATCH(AD$60,$A$7:$A$47,0)) -> 0.0012 | ... AH73: =INDEX($E$7:$E$47,MATCH(AH$60,$A$7:$A$47,0)) -> 0.0005
A74: Pakistan | B74: Marketplace | C74: =$E$25 -> 1000000 | D74: 152905198 | E74: =IFERROR(D74-C74,0) -> 151905198 | F74: =E74/C74 -> 151.9052 | G74: =C74*AD73 -> 1200 | H74: =D74*AD73 -> 183486.24 | I74: =IFERROR(H74-G74,0) -> 182286.24 | J74: =I74/G74 -> 151.9052 | K74: =S74*(C74/1000) -> 570 | L74: =S74*(D74/1000) -> 87155.963 | M74: =IFERROR(L74-K74,0) -> 86585.963 | N74: =M74/K74 -> 151.9052 | Q74: >= | R74: =C74*0.75 -> 750000 | S74: =$E$26 -> 0.57
A75: Pakistan | B75: Premium | C75: =$E$29 -> 700000 | D75: 0 | E75: =IFERROR(D75-C75,0) -> -700000 | F75: =E75/C75 -> -1 | G75: =C75*AE73 -> 4130 | H75: =D75*AE73 -> 0 | I75: =IFERROR(H75-G75,0) -> -4130 | J75: =I75/G75 -> -1 | K75: =S75*(C75/1000) -> 3087 | L75: =S75*(D75/1000) -> 0 | M75: =IFERROR(L75-K75,0) -> -3087 | N75: =M75/K75 -> -1 | Q75: >= | R75: =C75*0.75 -> 525000 | S75: =$E$30 -> 4.41
A76: Pakistan | B76: Mobile Ads | C76: =$E$33 -> 3000000 | D76: 0 | E76: =IFERROR(D76-C76,0) -> -3000000 | F76: =E76/C76 -> -1 | G76: =AH73*C76 -> 1500 | H76: =AH73*D76 -> 0 | I76: =IFERROR(H76-G76,0) -> -1500 | J76: =I76/G76 -> -1 | K76: =S76*(C76/1000) -> 1200 | L76: =S76*(D76/1000) -> 0 | M76: =IFERROR(L76-K76,0) -> -1200 | N76: =M76/K76 -> -1 | Q76: >= | R76: =C76*0.75 -> 2250000 | S76: =$E$34 -> 0.4
A77: =A78 -> Philippines | C77: =SUM(C78:C80) -> 12700000 | D77: =SUM(D78:D80) -> 0 | E77: =IFERROR(D77-C77,0) -> -12700000 | F77: =E77/C77 -> -1 | G77: =SUM(G78:G80) -> 25860 | H77: =SUM(H78:H80) -> 0 | I77: =IFERROR(H77-G77,0) -> -25860 | J77: =I77/G77 -> -1 | K77: =SUM(K78:K80) -> 18805 | L77: =SUM(L78:L80) -> 0 | M77: =IFERROR(L77-K77,0) -> -18805 | N77: =M77/K77 -> -1 | Q77: <= | R77: =C77*1.25 -> 15875000 | W77: =INDEX($F$7:$F$47,MATCH(W$60,$A$7:$A$47,0)) -> 105.7 | X77: =INDEX($F$7:$F$47,MATCH(X$60,$A$7:$A$47,0)) -> 8.3 | Y77: =INDEX($F$7:$F$47,MATCH(Y$60,$A$7:$A$47,0)) -> 94.2 | Z77: =INDEX($F$7:$F$47,MATCH(Z$60,$A$7:$A$47,0)) -> 29.9 | AA77: =INDEX($F$7:$F$47,MATCH(AA$60,$A$7:$A$47,0)) -> 203907 | AB77: =INDEX($F$7:$F$47,MATCH(AB$60,$A$7:$A$47,0)) -> 2204 | AC77: =INDEX($F$7:$F$47,MATCH(AC$60,$A$7:$A$47,0)) -> 0.010808849 | AD77: =INDEX($F$7:$F$47,MATCH(AD$60,$A$7:$A$47,0)) -> 0.0011 | ... AH77: =INDEX($F$7:$F$47,MATCH(AH$60,$A$7:$A$47,0)) -> 0.0005
A78: Philippines | B78: Marketplace | C78: =$F$25 -> 6000000 | D78: 0 | E78: =IFERROR(D78-C78,0) -> -6000000 | F78: =E78/C78 -> -1 | G78: =C78*AD77 -> 6600 | H78: =D78*AD77 -> 0 | I78: =IFERROR(H78-G78,0) -> -6600 | J78: =I78/G78 -> -1 | K78: =S78*(C78/1000) -> 3360 | L78: =S78*(D78/1000) -> 0 | M78: =IFERROR(L78-K78,0) -> -3360 | N78: =M78/K78 -> -1 | Q78: >= | R78: =C78*0.75 -> 4500000 | S78: =$F$26 -> 0.56
A79: Philippines | B79: Premium | C79: =$F$29 -> 3700000 | D79: 0 | E79: =IFERROR(D79-C79,0) -> -3700000 | F79: =E79/C79 -> -1 | G79: =C79*AE77 -> 17760 | H79: =D79*AE77 -> 0 | I79: =IFERROR(H79-G79,0) -> -17760 | J79: =I79/G79 -> -1 | K79: =S79*(C79/1000) -> 14245 | L79: =S79*(D79/1000) -> 0 | M79: =IFERROR(L79-K79,0) -> -14245 | N79: =M79/K79 -> -1 | Q79: >= | R79: =C79*0.75 -> 2775000 | S79: =$F$30 -> 3.85
A80: Philippines | B80: Mobile Ads | C80: =$F$33 -> 3000000 | D80: 0 | E80: =IFERROR(D80-C80,0) -> -3000000 | F80: =E80/C80 -> -1 | G80: =AH77*C80 -> 1500 | H80: =AH77*D80 -> 0 | I80: =IFERROR(H80-G80,0) -> -1500 | J80: =I80/G80 -> -1 | K80: =S80*(C80/1000) -> 1200 | L80: =S80*(D80/1000) -> 0 | M80: =IFERROR(L80-K80,0) -> -1200 | N80: =M80/K80 -> -1 | Q80: >= | R80: =C80*0.75 -> 2250000 | S80: =$F$34 -> 0.4
A81: =A82 -> Singapore | C81: =SUM(C82:C84) -> 6350000 | D81: =SUM(D82:D84) -> 0 | E81: =IFERROR(D81-C81,0) -> -6350000 | F81: =E81/C81 -> -1 | G81: =SUM(G82:G84) -> 8490 | H81: =SUM(H82:H84) -> 0 | I81: =IFERROR(H81-G81,0) -> -8490 | J81: =I81/G81 -> -1 | K81: =SUM(K82:K84) -> 10180 | L81: =SUM(L82:L84) -> 0 | M81: =IFERROR(L81-K81,0) -> -10180 | N81: =M81/K81 -> -1 | Q81: <= | R81: =C81*1.25 -> 7937500 | W81: =INDEX($G$7:$G$47,MATCH(W$60,$A$7:$A$47,0)) -> 5.5 | X81: =INDEX($G$7:$G$47,MATCH(X$60,$A$7:$A$47,0)) -> 3.2 | Y81: =INDEX($G$7:$G$47,MATCH(Y$60,$A$7:$A$47,0)) -> 7.8 | Z81: =INDEX($G$7:$G$47,MATCH(Z$60,$A$7:$A$47,0)) -> 2.9 | AA81: =INDEX($G$7:$G$47,MATCH(AA$60,$A$7:$A$47,0)) -> 15595 | AB81: =INDEX($G$7:$G$47,MATCH(AB$60,$A$7:$A$47,0)) -> 1496 | AC81: =INDEX($G$7:$G$47,MATCH(AC$60,$A$7:$A$47,0)) -> 0.095928182 | AD81: =INDEX($G$7:$G$47,MATCH(AD$60,$A$7:$A$47,0)) -> 0.0012 | ... AH81: =INDEX($G$7:$G$47,MATCH(AH$60,$A$7:$A$47,0)) -> 0.0005
A82: Singapore | B82: Marketplace | C82: =$G$25 -> 2000000 | D82: 0 | E82: =IFERROR(D82-C82,0) -> -2000000 | F82: =E82/C82 -> -1 | G82: =C82*AD81 -> 2400 | H82: =D82*AD81 -> 0 | I82: =IFERROR(H82-G82,0) -> -2400 | J82: =I82/G82 -> -1 | K82: =S82*(C82/1000) -> 1420 | L82: =S82*(D82/1000) -> 0 | M82: =IFERROR(L82-K82,0) -> -1420 | N82: =M82/K82 -> -1 | Q82: >= | R82: =C82*0.75 -> 1500000 | S82: =$G$26 -> 0.71
A83: Singapore | B83: Premium | C83: =$G$29 -> 1350000 | D83: 0 | E83: =IFERROR(D83-C83,0) -> -1350000 | F83: =E83/C83 -> -1 | G83: =C83*AE81 -> 4590 | H83: =D83*AE81 -> 0 | I83: =IFERROR(H83-G83,0) -> -4590 | J83: =I83/G83 -> -1 | K83: =S83*(C83/1000) -> 7560 | L83: =S83*(D83/1000) -> 0 | M83: =IFERROR(L83-K83,0) -> -7560 | N83: =M83/K83 -> -1 | Q83: >= | R83: =C83*0.75 -> 1012500 | S83: =$G$30 -> 5.6
A84: Singapore | B84: Mobile Ads | C84: =$G$33 -> 3000000 | D84: 0 | E84: =IFERROR(D84-C84,0) -> -3000000 | F84: =E84/C84 -> -1 | G84: =AH81*C84 -> 1500 | H84: =AH81*D84 -> 0 | I84: =IFERROR(H84-G84,0) -> -1500 | J84: =I84/G84 -> -1 | K84: =S84*(C84/1000) -> 1200 | L84: =S84*(D84/1000) -> 0 | M84: =IFERROR(L84-K84,0) -> -1200 | N84: =M84/K84 -> -1 | Q84: >= | R84: =C84*0.75 -> 2250000 | S84: =$G$34 -> 0.4
A85: Agency fee | K85: =SUM(K81,K77,K73,K69,K65,K61)*0.09 -> 8556.84 | L85: =SUM(L81,L77,L73,L69,L65,L61)*0.09 -> 7844.0367 | M85: =SUM(M81,M77,M73,M69,M65,M61)*0.09 -> -712.80331 | N85: =M85/K85 -> -0.083302166
A86: TOTAL | C86: =SUM(C81,C77,C73,C69,C65,C61) -> 58650000 | D86: =SUM(D81,D77,D73,D69,D65,D61) -> 152905199 | E86: =SUM(E81,E77,E73,E69,E65,E61) -> 94255199 | F86: =E86/C86 -> 1.6070793 | G86: =SUM(G81,G77,G73,G69,G65,G61) -> 96380 | H86: =SUM(H81,H77,H73,H69,H65,H61) -> 183486.24 | I86: =SUM(I81,I77,I73,I69,I65,I61) -> 87106.238 | J86: =I86/G86 -> 0.90377919 | K86: =SUM(K81,K77,K73,K69,K65,K61)*1.09 -> 103632.84 | L86: =SUM(L82:L84,L78:L80,L74:L75,L76,L70:L72,L66:L68,L62:L64)*1.09 -> 95000 | M86: =SUM(M81,M77,M73,M69,M65,M61) -> -7920.0367 | N86: =M86/K86 -> -0.076424006
A88: Constraint | B88: # mobile users
A89: Constraint | B89: # facebook users
A90: Number of user vs impressions

Sheet Answer Report 1
A1: Microsoft Excel 16.0 Answer Report
A2: Worksheet: [Case_Intel_Asia_Campaign_FINAL.xlsx]Model 1
A3: Report Created: 2/11/2020 11:55:18 AM
A4: Result: Solver found an integer solution within tolerance. All Constraints are satisfied.
A5: Solver Engine
B6: Engine: Simplex LP
B7: Solution Time: 0.219 Seconds.
B8: Iterations: 2 Subproblems: 30
A9: Solver Options
B10: Max Time Unlimited, Iterations Unlimited, Precision 0.000001
B11: Max Subproblems Unlimited, Max Integer Sols Unlimited, Integer Tolerance 1%, Assume NonNegative
A14: Objective Cell (Max)
B15: Cell | C15: Name | D15: Original Value | E15: Final Value
B16: $B$50 | C16: Max Clicks Indonesia | D16: 134121.21 | E16: 134121.21
A19: Variable Cells
B20: Cell | C20: Name | D20: Original Value | E20: Final Value | F20: Integer
B21: $D$61 | C21: Marketplace Model | D21: 4500000 | E21: 4500000 | F21: Integer
B22: $D$62 | C22: Premium Model | D22: 2625000 | E22: 2625000 | F22: Integer
B23: $D$63 | C23: Mobile Ads Model | D23: 2250000 | E23: 2250000 | F23: Integer
B24: $D$65 | C24: Marketplace Model | D24: 4500000 | E24: 4500000 | F24: Integer
B25: $D$66 | C25: Premium Model | D25: 2775000 | E25: 2775000 | F25: Integer
B26: $D$67 | C26: Mobile Ads Model | D26: 4850000 | E26: 4850000 | F26: Integer
B27: $D$69 | C27: Marketplace Model | D27: 4500000 | E27: 4500000 | F27: Integer
B28: $D$70 | C28: Premium Model | D28: 2775000 | E28: 2775000 | F28: Integer
B29: $D$71 | C29: Mobile Ads Model | D29: 2250000 | E29: 2250000 | F29: Integer
B30: $D$74 | C30: Premium Model | D30: 2875000 | E30: 2875000 | F30: Integer
B31: $D$75 | C31: Mobile Ads Model | D31: 2250000 | E31: 2250000 | F31: Integer
B32: $D$73 | C32: Marketplace Model | D32: 750000 | E32: 750000 | F32: Integer
... B38: $D$83 | C38: Mobile Ads Model | D38: 2250000 | E38: 2250000 | F38: Integer
A41: Constraints
B42: Cell | C42: Name | D42: Cell Value | E42: Formula | F42: Status | G42: Slack
B43: $D$60 | C43: Indonesia Model | D43: 9375000 | E43: $D$60<=$W$60 | F43: Not Binding | G43: 6250000
B44: $D$64 | C44: Korea Model | D44: 12125000 | E44: $D$64<=$W$64 | F44: Binding | G44: 0
B45: $D$68 | C45: Malaysia Model | D45: 9525000 | E45: $D$68<=$W$68 | F45: Not Binding | G45: 6350000
B46: $D$72 | C46: Pakistan Model | D46: 5875000 | E46: $D$72<=$W$72 | F46: Binding | G46: 0
B47: $D$76 | C47: Philippines Model | D47: 10445913 | E47: $D$76<=$W$76 | F47: Not Binding | G47: 5429087
B48: $D$80 | C48: Singapore Model | D48: 4762500 | E48: $D$80<=$W$80 | F48: Not Binding | G48: 3175000
B49: $L$85 | C49: TOTAL Model | D49: 95000 | E49: $L$85<=$Z$60 | F49: Not Binding | G49: 2.9999937e-06
B50: $D$61 | C50: Marketplace Model | D50: 4500000 | E50: $D$61>=$W$61 | F50: Binding | G50: 0
B51: $D$62 | C51: Premium Model | D51: 2625000 | E51: $D$62>=$W$62 | F51: Binding | G51: 0
B52: $D$63 | C52: Mobile Ads Model | D52: 2250000 | E52: $D$63>=$W$63 | F52: Binding | G52: 0
B53: $D$65 | C53: Marketplace Model | D53: 4500000 | E53: $D$65>=$W$65 | F53: Binding | G53: 0
B54: $D$66 | C54: Premium Model | D54: 2775000 | E54: $D$66>=$W$66 | F54: Binding | G54: 0
... B67: $D$83 | C67: Mobile Ads Model | D67: 2250000 | E67: $D$83>=$W$83 | F67: Binding | G67: 0
B68: $D$61:$D$63=Integer
B69: $D$65:$D$67=Integer
B70: $D$69:$D$71=Integer
B71: $D$73:$D$75=Integer
B72: $D$77:$D$79=Integer
B73: $D$81:$D$83=Integer

Sheet Model 1
A2: Problem | B2: Exceeding budget, optimization of resources
A3: Objective | B3: Decided which marketing plan is better. 1) Agency plan 2) Peter Dingle plans 3) New Plan (other)
A5: EXHIBIT 1: DEMOGRAPHIC AND TECHNOLOGY PENETRATION DATA
A6: Intel AP Markets | B6: Indonesia | C6: Korea | D6: Malaysia | E6: Pakistan | F6: Philippines | G6: Singapore
A7: Population (Ms) 1 | B7: 251.2 | C7: 49 | D7: 29.6 | E7: 193.2 | F7: 105.7 | G7: 5.5
A8: # Internet Users (Ms) 1 | B8: 20 | C8: 39.4 | D8: 15.4 | E8: 20.4 | F8: 8.3 | G8: 3.2
A9: Mobile Phones (Ms) 1 | B9: 248.8 | C9: 52.5 | D9: 36.7 | E9: 111 | F9: 94.2 | G9: 7.8
A10: # Facebook Users (Ms) 2 | B10: 51.1 | C10: 10 | D10: 13.6 | E10: 8 | F10: 29.9 | G10: 2.9
A11: Sources: 1 CIA World Factbook, accessed July 25, 2013; | E11: 2 www.internetworldstats.com/, accessed July 25, 2013.
A13: EXHIBIT 2: INTEL ASIA-PACIFIC FACEBOOK COMMUNITIES (AUGUST 2012)
A14: Intel Market | B14: Indonesia | C14: Korea | D14: Malaysia | E14: Pakistan | F14: Philippines | G14: Singapore
A15: Fans | B15: 778144 | C15: 137801 | D15: 128410 | E15: 316425 | F15: 203907 | G15: 15595
A16: Growth | B16: 8009 | C16: 9361 | D16: 2932 | E16: 18994 | F16: 2204 | G16: 1496
A17: Top Demographic | B17: M 18-24 | C17: F 18-24 | D17: M 18-24 | E17: M 18-24 | F17: M 18-24 | G17: M 18-24
A18: Growth % | B18: =B16/B15 -> 0.010292439 | C18: =C16/C15 -> 0.067931292 | D18: =D16/D15 -> 0.022833113 | E18: =E16/E15 -> 0.060026863 | F18: =F16/F15 -> 0.010808849 | G18: =G16/G15 -> 0.095928182
A19: Source: Intel Asia-Pacific Marketing
A21: Page 9 | H21: 9B13E023
A22: EXHIBIT 4: PRELIMINARY MEDIA PLAN PROPOSED BY IMPACT MARKETING LTD
B23: Indonesia | C23: Korea | D23: Malaysia | E23: Pakistan | F23: Philippines | G23: Singapore | H23: Total
A24: Marketplace
A25: Impressions | B25: 6000000 | C25: 6000000 | D25: 6000000 | E25: 1000000 | F25: 6000000 | G25: 2000000 | H25: 27000000
A26: CPM | B26: 0.53 | C26: 0.88 | D26: 0.6 | E26: 0.57 | F26: 0.56 | G26: 0.71 | H26: 0.64
A27: Cost | B27: 3180 | C27: 5280 | D27: 3600 | E27: 570 | F27: 3360 | G27: 1420 | H27: 17410
A28: Premium
A29: Impressions | B29: 3500000 | C29: 3700000 | D29: 3700000 | E29: 700000 | F29: 3700000 | G29: 1350000 | H29: 16650000
A30: CPM | B30: 4.41 | C30: 5.25 | D30: 3.22 | E30: 4.41 | F30: 3.85 | G30: 5.6 | H30: 4.3
A31: Cost | B31: 15435 | C31: 19425 | D31: 11914 | E31: 3087 | F31: 14245 | G31: 7560 | H31: 71666
A32: Mobile Ads
A33: Impressions | B33: 3000000 | C33: - | D33: 3000000 | E33: 3000000 | F33: 3000000 | G33: 3000000 | H33: 15000000 | I33: *look for reason of not having mobile ads in korea, if not found use same price
A34: CPM | B34: 0.4 | C34: - | D34: 0.4 | E34: 0.4 | F34: 0.4 | G34: 0.4 | H34: 0.4
A35: Cost | B35: 1200 | C35: - | D35: 1200 | E35: 1200 | F35: 1200 | G35: 1200 | H35: 6000
A36: Total Ads
A37: Impressions | B37: 12500000 | C37: 9700000 | D37: 12700000 | E37: 4700000 | F37: 12700000 | G37: 6350000 | H37: 58650000 | I37: Including agency fee
A38: Cost | B38: 19815 | C38: 24705 | D38: 16714 | E38: 4857 | F38: 18805 | G38: 10180 | H38: 95076 | I38: =H38*1.09 -> 103632.84
A40: EXHIBIT 5: INTEL’S ESTIMATED CLICK-THROUGH RATES AND SOCIAL IMPRESSIONS MULTIPLIERS
A42: Market | B42: Indonesia | C42: Korea | D42: Malaysia | E42: Pakistan | F42: Philippines | G42: Singapore
A43: Marketplace CTR | B43: 0.0009 | C43: 0.0008 | D43: 0.0011 | E43: 0.0012 | F43: 0.0011 | G43: 0.0012
A44: Premium CTR | B44: 0.0043 | C44: 0.0023 | D44: 0.0032 | E44: 0.0059 | F44: 0.0048 | G44: 0.0034 | L44: Then the original plan | M44: 1.25 | N44: Applies to total
A45: Social Impression Multiplier | B45: 12.9 | C45: 41.1 | D45: 21.4 | E45: 26.5 | F45: 32.4 | G45: 20.6 | M45: 0.75 | N45: Applies per type of adv
A46: Social CTR | B46: 0.0196 | C46: 0.0239 | D46: 0.0182 | E46: 0.0264 | F46: 0.0181 | G46: 0.0183
A47: CTR Mobile Ad | B47: 0.0005 | C47: 0.0005 | D47: 0.0005 | E47: 0.0005 | F47: 0.0005 | G47: 0.0005
A50: Max Clicks | B50: =H85 -> 134121.21 | V50: CONSTRAINTS
A52: Objective function: Maximization of clicks (impact)
A53: Parameters/constraints:
A54: -Total of impression <= 125% proposal
A55: -Total ad type/country >= 75% proposal
A56: -Budget <= 95k
C58: IMPRESSIONS | G58: CLICKS | K58: COST | V58: IMPRESSIONS | Y58: COST | AD58: =AVERAGE(AD72,AD80,AD76,AD68,AD64,AD60) -> 19.25 | AE58: =AVERAGE(AE72,AE80,AE76,AE68,AE64,AE60) -> 263380.33 | AG58: =AVERAGE(AG72,AG80,AG76,AG68,AG64,AG60) -> 7166 | AH58: =AVERAGE(AH72,AH80,AH76,AH68,AH64,AH60) -> 0.04463679 | AJ58: =AVERAGE(AJ72,AJ80,AJ76,AJ68,AJ64,AJ60) -> 105.7 | AK58: =AVERAGE(AK72,AK80,AK76,AK68,AK64,AK60) -> 17.783333 | AL58: =AVERAGE(AL72,AL80,AL76,AL68,AL64,AL60) -> 91.833333
A59: Country | B59: Facebook Add | C59: Agency | D59: Model | E59: Var | F59: Var % | G59: Agency | H59: Model | I59: Var | J59: Var % | K59: Agency | L59: Model | M59: Var | N59: Var % | P59: CTR | Q59: Cost/1000 | S59: Social Impression Multiplier | T59: Social CTR | V59: Sign | W59: Limit | Y59: Sign | Z59: MAX COST | AB59: Marketplace CTR | AD59: # Facebook Users (Ms) 2 | AE59: Fans | AG59: Growth | AH59: Growth % | AJ59: Population (Ms) 1 | AK59: # Internet Users (Ms) 1 | AL59: Mobile Phones (Ms) 1
A60: Indonesia | C60: =SUM(C61:C63) -> 12500000 | D60: =SUM(D61:D63) -> 9375000 | E60: =IFERROR(D60-C60,0) -> -3125000 | F60: =E60/C60 -> -0.25 | G60: =SUM(G61:G63) -> 26134.502 | H60: =SUM(H61:H63) -> 19600.876 | I60: =IFERROR(H60-G60,0) -> -6533.6255 | J60: =I60/G60 -> -0.25 | K60: =SUM(K61:K63) -> 19815 | L60: =SUM(L61:L63) -> 14861.25 | M60: =IFERROR(L60-K60,0) -> -4953.75 | N60: =M60/K60 -> -0.25 | S60: =INDEX($B$7:$B$47,MATCH(S$59,$A$7:$A$47,0)) -> 12.9 | T60: =INDEX($B$7:$B$47,MATCH(T$59,$A$7:$A$47,0)) -> 0.0196 | V60: <= | W60: =C60*1.25 -> 15625000 | Y60: <= | Z60: 95000 | AB60: =AVERAGE(P73,P81,P77,P69,P65,P61) -> 0.00105 | AD60: =INDEX($B$7:$B$47,MATCH(AD$59,$A$7:$A$47,0)) -> 51.1 | AE60: =INDEX($B$7:$B$47,MATCH(AE$59,$A$7:$A$47,0)) -> 778144 | AF60: =AE60/(AD60*1000000) -> 0.015227867 | AG60: =INDEX($B$7:$B$47,MATCH(AG$59,$A$7:$A$47,0)) -> 8009 | AH60: =INDEX($B$7:$B$47,MATCH(AH$59,$A$7:$A$47,0)) -> 0.010292439 | AJ60: =INDEX($B$7:$B$47,MATCH(AJ$59,$A$7:$A$47,0)) -> 251.2 | AK60: =INDEX($B$7:$B$47,MATCH(AK$59,$A$7:$A$47,0)) -> 20 | AL60: =INDEX($B$7:$B$47,MATCH(AL$59,$A$7:$A$47,0)) -> 248.8
A61: Indonesia | B61: Marketplace | C61: =$B$25 -> 6000000 | D61: 4500000 | E61: =IFERROR(D61-C61,0) -> -1500000 | F61: =E61/C61 -> -0.25 | G61: =C61*P61 -> 5400 | H61: =D61*P61 -> 4050 | I61: =IFERROR(H61-G61,0) -> -1350 | J61: =I61/G61 -> -0.25 | K61: =Q61*(C61/1000) -> 3180 | L61: =Q61*(D61/1000) -> 2385 | M61: =IFERROR(L61-K61,0) -> -795 | N61: =M61/K61 -> -0.25 | P61: =INDEX($B$7:$B$47,MATCH(AB$59,$A$7:$A$47,0)) -> 0.0009 | Q61: =$B$26 -> 0.53 | V61: >= | W61: =C61*0.75 -> 4500000 | AB61: Premium CTR
A62: Indonesia | B62: Premium | C62: =$B$29 -> 3500000 | D62: 2625000 | E62: =IFERROR(D62-C62,0) -> -875000 | F62: =E62/C62 -> -0.25 | G62: =C62*P62+C62*P62*S60*T60 -> 18855.242 | H62: =D62*P62+D62*P62*S60*T60 -> 14141.431 | I62: =IFERROR(H62-G62,0) -> -4713.8105 | J62: =I62/G62 -> -0.25 | K62: =Q62*(C62/1000) -> 15435 | L62: =Q62*(D62/1000) -> 11576.25 | M62: =IFERROR(L62-K62,0) -> -3858.75 | N62: =M62/K62 -> -0.25 | P62: =INDEX($B$7:$B$47,MATCH(AB$61,$A$7:$A$47,0)) -> 0.0043 | Q62: =$B$30 -> 4.41 | V62: >= | W62: =C62*0.75 -> 2625000 | AB62: =AVERAGE(P74,P82,P78,P70,P66,P62) -> 0.0039833333
A63: Indonesia | B63: Mobile Ads | C63: =$B$33 -> 3000000 | D63: 2250000 | E63: =IFERROR(D63-C63,0) -> -750000 | F63: =E63/C63 -> -0.25 | G63: =C63*P63+C63*P63*S60*T60 -> 1879.26 | H63: =P63*D63+P63*D63*S60*T60 -> 1409.445 | I63: =IFERROR(H63-G63,0) -> -469.815 | J63: =I63/G63 -> -0.25 | K63: =Q63*(C63/1000) -> 1200 | L63: =Q63*(D63/1000) -> 900 | M63: =IFERROR(L63-K63,0) -> -300 | N63: =M63/K63 -> -0.25 | P63: =INDEX($B$7:$B$47,MATCH(AB$63,$A$7:$A$47,0)) -> 0.0005 | Q63: =$B$34 -> 0.4 | V63: >= | W63: =C63*0.75 -> 2250000 | AB63: CTR Mobile Ad
A64: Korea | C64: =SUM(C65:C67) -> 9700000 | D64: =SUM(D65:D67) -> 12125000 | E64: =IFERROR(D64-C64,0) -> 2425000 | F64: =E64/C64 -> 0.25 | G64: =SUM(G65:G67) -> 21669.288 | H64: =SUM(H65:H67) -> 21059.019 | I64: =IFERROR(H64-G64,0) -> -610.26873 | J64: =I64/G64 -> -0.028162842 | K64: =SUM(K65:K67) -> 24705 | L64: =SUM(L65:L67) -> 20468.75 | M64: =IFERROR(L64-K64,0) -> -4236.25 | N64: =M64/K64 -> -0.17147339 | S64: =INDEX($C$7:$C$47,MATCH(S$59,$A$7:$A$47,0)) -> 41.1 | T64: =INDEX($C$7:$C$47,MATCH(T$59,$A$7:$A$47,0)) -> 0.0239 | V64: <= | W64: =C64*1.25 -> 12125000 | AB64: =AVERAGE(P75,P83,P79,P71,P67,P63) -> 0.0005 | AD64: =INDEX($C$7:$C$47,MATCH(AD$59,$A$7:$A$47,0)) -> 10 | AE64: =INDEX($C$7:$C$47,MATCH(AE$59,$A$7:$A$47,0)) -> 137801 | AF64: =AE64/(AD64*1000000) -> 0.0137801 | AG64: =INDEX($C$7:$C$47,MATCH(AG$59,$A$7:$A$47,0)) -> 9361 | AH64: =INDEX($C$7:$C$47,MATCH(AH$59,$A$7:$A$47,0)) -> 0.067931292 | AJ64: =INDEX($C$7:$C$47,MATCH(AJ$59,$A$7:$A$47,0)) -> 49 | AK64: =INDEX($C$7:$C$47,MATCH(AK$59,$A$7:$A$47,0)) -> 39.4 | AL64: =INDEX($C$7:$C$47,MATCH(AL$59,$A$7:$A$47,0)) -> 52.5
A65: Korea | B65: Marketplace | C65: =$C$25 -> 6000000 | D65: 4500000 | E65: =IFERROR(D65-C65,0) -> -1500000 | F65: =E65/C65 -> -0.25 | G65: =C65*P65 -> 4800 | H65: =D65*P65 -> 3600 | I65: =IFERROR(H65-G65,0) -> -1200 | J65: =I65/G65 -> -0.25 | K65: =Q65*(C65/1000) -> 5280 | L65: =Q65*(D65/1000) -> 3960 | M65: =IFERROR(L65-K65,0) -> -1320 | N65: =M65/K65 -> -0.25 | P65: =INDEX($C$7:$C$47,MATCH(AB$59,$A$7:$A$47,0)) -> 0.0008 | Q65: =$C$26 -> 0.88 | V65: >= | W65: =C65*0.75 -> 4500000
A66: Korea | B66: Premium | C66: =$C$29 -> 3700000 | D66: 2775000 | E66: =IFERROR(D66-C66,0) -> -925000 | F66: =E66/C66 -> -0.25 | G66: =C66*P66+C66*P66*S64*T64 -> 16869.288 | H66: =D66*P66+D66*P66*S64*T64 -> 12651.966 | I66: =IFERROR(H66-G66,0) -> -4217.322 | J66: =I66/G66 -> -0.25 | K66: =Q66*(C66/1000) -> 19425 | L66: =Q66*(D66/1000) -> 14568.75 | M66: =IFERROR(L66-K66,0) -> -4856.25 | N66: =M66/K66 -> -0.25 | P66: =INDEX($C$7:$C$47,MATCH(AB$61,$A$7:$A$47,0)) -> 0.0023 | Q66: =$C$30 -> 5.25 | V66: >= | W66: =C66*0.75 -> 2775000
A67: Korea | B67: Mobile Ads | C67: 0 | D67: 4850000 | E67: =IFERROR(D67-C67,0) -> 4850000 | G67: =C67*P67+C67*P67*S64*T64 -> 0 | H67: =P67*D67+P67*D67*S64*T64 -> 4807.0532 | I67: =IFERROR(H67-G67,0) -> 4807.0532 | K67: =Q67*(C67/1000) -> 0 | L67: =Q67*(D67/1000) -> 1940 | M67: =IFERROR(L67-K67,0) -> 1940 | P67: =INDEX($C$7:$C$47,MATCH(AB$63,$A$7:$A$47,0)) -> 0.0005 | Q67: =Q63 -> 0.4 | V67: >= | W67: 0
A68: Malaysia | C68: =SUM(C69:C71) -> 12700000 | D68: =SUM(D69:D71) -> 9525000 | E68: =IFERROR(D68-C68,0) -> -3175000 | F68: =E68/C68 -> -0.25 | G68: =SUM(G69:G71) -> 25135.663 | H68: =SUM(H69:H71) -> 18851.747 | I68: =IFERROR(H68-G68,0) -> -6283.9158 | J68: =I68/G68 -> -0.25 | K68: =SUM(K69:K71) -> 16714 | L68: =SUM(L69:L71) -> 12535.5 | M68: =IFERROR(L68-K68,0) -> -4178.5 | N68: =M68/K68 -> -0.25 | S68: =INDEX($D$7:$D$47,MATCH(S$59,$A$7:$A$47,0)) -> 21.4 | T68: =INDEX($D$7:$D$47,MATCH(T$59,$A$7:$A$47,0)) -> 0.0182 | V68: <= | W68: =C68*1.25 -> 15875000 | AD68: =INDEX($D$7:$D$47,MATCH(AD$59,$A$7:$A$47,0)) -> 13.6 | AE68: =INDEX($D$7:$D$47,MATCH(AE$59,$A$7:$A$47,0)) -> 128410 | AF68: =AE68/(AD68*1000000) -> 0.0094419118 | AG68: =INDEX($D$7:$D$47,MATCH(AG$59,$A$7:$A$47,0)) -> 2932 | AH68: =INDEX($D$7:$D$47,MATCH(AH$59,$A$7:$A$47,0)) -> 0.022833113 | AJ68: =INDEX($D$7:$D$47,MATCH(AJ$59,$A$7:$A$47,0)) -> 29.6 | AK68: =INDEX($D$7:$D$47,MATCH(AK$59,$A$7:$A$47,0)) -> 15.4 | AL68: =INDEX($D$7:$D$47,MATCH(AL$59,$A$7:$A$47,0)) -> 36.7
A69: Malaysia | B69: Marketplace | C69: =$D$25 -> 6000000 | D69: 4500000 | E69: =IFERROR(D69-C69,0) -> -1500000 | F69: =E69/C69 -> -0.25 | G69: =C69*P69 -> 6600 | H69: =D69*P69 -> 4950 | I69: =IFERROR(H69-G69,0) -> -1650 | J69: =I69/G69 -> -0.25 | K69: =Q69*(C69/1000) -> 3600 | L69: =Q69*(D69/1000) -> 2700 | M69: =IFERROR(L69-K69,0) -> -900 | N69: =M69/K69 -> -0.25 | P69: =INDEX($D$7:$D$47,MATCH(AB$59,$A$7:$A$47,0)) -> 0.0011 | Q69: =$D$26 -> 0.6 | V69: >= | W69: =C69*0.75 -> 4500000
A70: Malaysia | B70: Premium | C70: =$D$29 -> 3700000 | D70: 2775000 | E70: =IFERROR(D70-C70,0) -> -925000 | F70: =E70/C70 -> -0.25 | G70: =C70*P70+C70*P70*S68*T68 -> 16451.443 | H70: =D70*P70+D70*P70*S68*T68 -> 12338.582 | I70: =IFERROR(H70-G70,0) -> -4112.8608 | J70: =I70/G70 -> -0.25 | K70: =Q70*(C70/1000) -> 11914 | L70: =Q70*(D70/1000) -> 8935.5 | M70: =IFERROR(L70-K70,0) -> -2978.5 | N70: =M70/K70 -> -0.25 | P70: =INDEX($D$7:$D$47,MATCH(AB$61,$A$7:$A$47,0)) -> 0.0032 | Q70: =$D$30 -> 3.22 | V70: >= | W70: =C70*0.75 -> 2775000
A71: Malaysia | B71: Mobile Ads | C71: =$D$33 -> 3000000 | D71: 2250000 | E71: =IFERROR(D71-C71,0) -> -750000 | F71: =E71/C71 -> -0.25 | G71: =C71*P71+C71*P71*S68*T68 -> 2084.22 | H71: =P71*D71+P71*D71*S68*T68 -> 1563.165 | I71: =IFERROR(H71-G71,0) -> -521.055 | J71: =I71/G71 -> -0.25 | K71: =Q71*(C71/1000) -> 1200 | L71: =Q71*(D71/1000) -> 900 | M71: =IFERROR(L71-K71,0) -> -300 | N71: =M71/K71 -> -0.25 | P71: =INDEX($D$7:$D$47,MATCH(AB$63,$A$7:$A$47,0)) -> 0.0005 | Q71: =$D$34 -> 0.4 | V71: >= | W71: =C71*0.75 -> 2250000
A72: =A73 -> Pakistan | C72: =SUM(C73:C75) -> 4700000 | D72: =SUM(D73:D75) -> 5875000 | E72: =IFERROR(D72-C72,0) -> 1175000 | F72: =E72/C72 -> 0.25 | G72: =SUM(G73:G75) -> 10768.748 | H72: =SUM(H73:H75) -> 31641.515 | I72: =IFERROR(H72-G72,0) -> 20872.767 | J72: =I72/G72 -> 1.9382724 | K72: =SUM(K73:K75) -> 4857 | L72: =SUM(L73:L75) -> 14006.25 | M72: =IFERROR(L72-K72,0) -> 9149.25 | N72: =M72/K72 -> 1.8837245 | S72: =INDEX($E$7:$E$47,MATCH(S$59,$A$7:$A$47,0)) -> 26.5 | T72: =INDEX($E$7:$E$47,MATCH(T$59,$A$7:$A$47,0)) -> 0.0264 | V72: <= | W72: =C72*1.25 -> 5875000 | AD72: =INDEX($E$7:$E$47,MATCH(AD$59,$A$7:$A$47,0)) -> 8 | AE72: =INDEX($E$7:$E$47,MATCH(AE$59,$A$7:$A$47,0)) -> 316425 | AF72: =AE72/(AD72*1000000) -> 0.039553125 | AG72: =INDEX($E$7:$E$47,MATCH(AG$59,$A$7:$A$47,0)) -> 18994 | AH72: =INDEX($E$7:$E$47,MATCH(AH$59,$A$7:$A$47,0)) -> 0.060026863 | AJ72: =INDEX($E$7:$E$47,MATCH(AJ$59,$A$7:$A$47,0)) -> 193.2 | AK72: =INDEX($E$7:$E$47,MATCH(AK$59,$A$7:$A$47,0)) -> 20.4 | AL72: =INDEX($E$7:$E$47,MATCH(AL$59,$A$7:$A$47,0)) -> 111
A73: Pakistan | B73: Marketplace | C73: =$E$25 -> 1000000 | D73: 750000 | E73: =IFERROR(D73-C73,0) -> -250000 | F73: =E73/C73 -> -0.25 | G73: =C73*P73 -> 1200 | H73: =D73*P73 -> 900 | I73: =IFERROR(H73-G73,0) -> -300 | J73: =I73/G73 -> -0.25 | K73: =Q73*(C73/1000) -> 570 | L73: =Q73*(D73/1000) -> 427.5 | M73: =IFERROR(L73-K73,0) -> -142.5 | N73: =M73/K73 -> -0.25 | P73: =INDEX($E$7:$E$47,MATCH(AB$59,$A$7:$A$47,0)) -> 0.0012 | Q73: =$E$26 -> 0.57 | V73: >= | W73: =C73*0.75 -> 750000
A74: Pakistan | B74: Premium | C74: =$E$29 -> 700000 | D74: 2875000 | E74: =IFERROR(D74-C74,0) -> 2175000 | F74: =E74/C74 -> 3.1071429 | G74: =C74*P74+C74*P74*S72*T72 -> 7019.348 | H74: =D74*P74+D74*P74*S72*T72 -> 28829.465 | I74: =IFERROR(H74-G74,0) -> 21810.117 | J74: =I74/G74 -> 3.1071429 | K74: =Q74*(C74/1000) -> 3087 | L74: =Q74*(D74/1000) -> 12678.75 | M74: =IFERROR(L74-K74,0) -> 9591.75 | N74: =M74/K74 -> 3.1071429 | P74: =INDEX($E$7:$E$47,MATCH(AB$61,$A$7:$A$47,0)) -> 0.0059 | Q74: =$E$30 -> 4.41 | V74: >= | W74: =C74*0.75 -> 525000
A75: Pakistan | B75: Mobile Ads | C75: =$E$33 -> 3000000 | D75: 2250000 | E75: =IFERROR(D75-C75,0) -> -750000 | F75: =E75/C75 -> -0.25 | G75: =C75*P75+C75*P75*S72*T72 -> 2549.4 | H75: =P75*D75+P75*D75*S72*T72 -> 1912.05 | I75: =IFERROR(H75-G75,0) -> -637.35 | J75: =I75/G75 -> -0.25 | K75: =Q75*(C75/1000) -> 1200 | L75: =Q75*(D75/1000) -> 900 | M75: =IFERROR(L75-K75,0) -> -300 | N75: =M75/K75 -> -0.25 | P75: =INDEX($E$7:$E$47,MATCH(AB$63,$A$7:$A$47,0)) -> 0.0005 | Q75: =$E$34 -> 0.4 | V75: >= | W75: =C75*0.75 -> 2250000
A76: =A77 -> Philippines | C76: =SUM(C77:C79) -> 12700000 | D76: =SUM(D77:D79) -> 10445913 | E76: =IFERROR(D76-C76,0) -> -2254087 | F76: =E76/C76 -> -0.17748717 | G76: =SUM(G77:G79) -> 37154.834 | H76: =SUM(H77:H79) -> 34878.695 | I76: =IFERROR(H76-G76,0) -> -2276.1395 | J76: =I76/G76 -> -0.061260924 | K76: =SUM(K77:K79) -> 18805 | L76: =SUM(L77:L79) -> 17649.213 | M76: =IFERROR(L76-K76,0) -> -1155.7867 | N76: =M76/K76 -> -0.06146167 | S76: =INDEX($F$7:$F$47,MATCH(S$59,$A$7:$A$47,0)) -> 32.4 | T76: =INDEX($F$7:$F$47,MATCH(T$59,$A$7:$A$47,0)) -> 0.0181 | V76: <= | W76: =C76*1.25 -> 15875000 | AD76: =INDEX($F$7:$F$47,MATCH(AD$59,$A$7:$A$47,0)) -> 29.9 | AE76: =INDEX($F$7:$F$47,MATCH(AE$59,$A$7:$A$47,0)) -> 203907 | AF76: =AE76/(AD76*1000000) -> 0.0068196321 | AG76: =INDEX($F$7:$F$47,MATCH(AG$59,$A$7:$A$47,0)) -> 2204 | AH76: =INDEX($F$7:$F$47,MATCH(AH$59,$A$7:$A$47,0)) -> 0.010808849 | AJ76: =INDEX($F$7:$F$47,MATCH(AJ$59,$A$7:$A$47,0)) -> 105.7 | AK76: =INDEX($F$7:$F$47,MATCH(AK$59,$A$7:$A$47,0)) -> 8.3 | AL76: =INDEX($F$7:$F$47,MATCH(AL$59,$A$7:$A$47,0)) -> 94.2
A77: Philippines | B77: Marketplace | C77: =$F$25 -> 6000000 | D77: 4500000 | E77: =IFERROR(D77-C77,0) -> -1500000 | F77: =E77/C77 -> -0.25 | G77: =C77*P77 -> 6600 | H77: =D77*P77 -> 4950 | I77: =IFERROR(H77-G77,0) -> -1650 | J77: =I77/G77 -> -0.25 | K77: =Q77*(C77/1000) -> 3360 | L77: =Q77*(D77/1000) -> 2520 | M77: =IFERROR(L77-K77,0) -> -840 | N77: =M77/K77 -> -0.25 | P77: =INDEX($F$7:$F$47,MATCH(AB$59,$A$7:$A$47,0)) -> 0.0011 | Q77: =$F$26 -> 0.56 | V77: >= | W77: =C77*0.75 -> 4500000
A78: Philippines | B78: Premium | C78: =$F$29 -> 3700000 | D78: 3695898 | E78: =IFERROR(D78-C78,0) -> -4102 | F78: =E78/C78 -> -0.0011086486 | G78: =C78*P78+C78*P78*S76*T76 -> 28175.174 | H78: =D78*P78+D78*P78*S76*T76 -> 28143.938 | I78: =IFERROR(H78-G78,0) -> -31.236369 | J78: =I78/G78 -> -0.0011086486 | K78: =Q78*(C78/1000) -> 14245 | L78: =Q78*(D78/1000) -> 14229.207 | M78: =IFERROR(L78-K78,0) -> -15.7927 | N78: =M78/K78 -> -0.0011086486 | P78: =INDEX($F$7:$F$47,MATCH(AB$61,$A$7:$A$47,0)) -> 0.0048 | Q78: =$F$30 -> 3.85 | V78: >= | W78: =C78*0.75 -> 2775000
A79: Philippines | B79: Mobile Ads | C79: =$F$33 -> 3000000 | D79: 2250015 | E79: =IFERROR(D79-C79,0) -> -749985 | F79: =E79/C79 -> -0.249995 | G79: =C79*P79+C79*P79*S76*T76 -> 2379.66 | H79: =P79*D79+P79*D79*S76*T76 -> 1784.7569 | I79: =IFERROR(H79-G79,0) -> -594.9031 | J79: =I79/G79 -> -0.249995 | K79: =Q79*(C79/1000) -> 1200 | L79: =Q79*(D79/1000) -> 900.006 | M79: =IFERROR(L79-K79,0) -> -299.994 | N79: =M79/K79 -> -0.249995 | P79: =INDEX($F$7:$F$47,MATCH(AB$63,$A$7:$A$47,0)) -> 0.0005 | Q79: =$F$34 -> 0.4 | V79: >= | W79: =C79*0.75 -> 2250000
A80: =A81 -> Singapore | C80: =SUM(C81:C83) -> 6350000 | D80: =SUM(D81:D83) -> 4762500 | E80: =IFERROR(D80-C80,0) -> -1587500 | F80: =E80/C80 -> -0.25 | G80: =SUM(G81:G83) -> 10785.808 | H80: =SUM(H81:H83) -> 8089.3562 | I80: =IFERROR(H80-G80,0) -> -2696.452 | J80: =I80/G80 -> -0.25 | K80: =SUM(K81:K83) -> 10180 | L80: =SUM(L81:L83) -> 7635 | M80: =IFERROR(L80-K80,0) -> -2545 | N80: =M80/K80 -> -0.25 | S80: =INDEX($G$7:$G$47,MATCH(S$59,$A$7:$A$47,0)) -> 20.6 | T80: =INDEX($G$7:$G$47,MATCH(T$59,$A$7:$A$47,0)) -> 0.0183 | V80: <= | W80: =C80*1.25 -> 7937500 | AD80: =INDEX($G$7:$G$47,MATCH(AD$59,$A$7:$A$47,0)) -> 2.9 | AE80: =INDEX($G$7:$G$47,MATCH(AE$59,$A$7:$A$47,0)) -> 15595 | AF80: =AE80/(AD80*1000000) -> 0.0053775862 | AG80: =INDEX($G$7:$G$47,MATCH(AG$59,$A$7:$A$47,0)) -> 1496 | AH80: =INDEX($G$7:$G$47,MATCH(AH$59,$A$7:$A$47,0)) -> 0.095928182 | AJ80: =INDEX($G$7:$G$47,MATCH(AJ$59,$A$7:$A$47,0)) -> 5.5 | AK80: =INDEX($G$7:$G$47,MATCH(AK$59,$A$7:$A$47,0)) -> 3.2 | AL80: =INDEX($G$7:$G$47,MATCH(AL$59,$A$7:$A$47,0)) -> 7.8
A81: Singapore | B81: Marketplace | C81: =$G$25 -> 2000000 | D81: 1500000 | E81: =IFERROR(D81-C81,0) -> -500000 | F81: =E81/C81 -> -0.25 | G81: =C81*P81 -> 2400 | H81: =D81*P81 -> 1800 | I81: =IFERROR(H81-G81,0) -> -600 | J81: =I81/G81 -> -0.25 | K81: =Q81*(C81/1000) -> 1420 | L81: =Q81*(D81/1000) -> 1065 | M81: =IFERROR(L81-K81,0) -> -355 | N81: =M81/K81 -> -0.25 | P81: =INDEX($G$7:$G$47,MATCH(AB$59,$A$7:$A$47,0)) -> 0.0012 | Q81: =$G$26 -> 0.71 | V81: >= | W81: =C81*0.75 -> 1500000
A82: Singapore | B82: Premium | C82: =$G$29 -> 1350000 | D82: 1012500 | E82: =IFERROR(D82-C82,0) -> -337500 | F82: =E82/C82 -> -0.25 | G82: =C82*P82+C82*P82*S80*T80 -> 6320.3382 | H82: =D82*P82+D82*P82*S80*T80 -> 4740.2537 | I82: =IFERROR(H82-G82,0) -> -1580.0845 | J82: =I82/G82 -> -0.25 | K82: =Q82*(C82/1000) -> 7560 | L82: =Q82*(D82/1000) -> 5670 | M82: =IFERROR(L82-K82,0) -> -1890 | N82: =M82/K82 -> -0.25 | P82: =INDEX($G$7:$G$47,MATCH(AB$61,$A$7:$A$47,0)) -> 0.0034 | Q82: =$G$30 -> 5.6 | V82: >= | W82: =C82*0.75 -> 1012500
A83: Singapore | B83: Mobile Ads | C83: =$G$33 -> 3000000 | D83: 2250000 | E83: =IFERROR(D83-C83,0) -> -750000 | F83: =E83/C83 -> -0.25 | G83: =C83*P83+C83*P83*S80*T80 -> 2065.47 | H83: =P83*D83+P83*D83*S80*T80 -> 1549.1025 | I83: =IFERROR(H83-G83,0) -> -516.3675 | J83: =I83/G83 -> -0.25 | K83: =Q83*(C83/1000) -> 1200 | L83: =Q83*(D83/1000) -> 900 | M83: =IFERROR(L83-K83,0) -> -300 | N83: =M83/K83 -> -0.25 | P83: =INDEX($G$7:$G$47,MATCH(AB$63,$A$7:$A$47,0)) -> 0.0005 | Q83: =$G$34 -> 0.4 | V83: >= | W83: =C83*0.75 -> 2250000
A84: Agency fee | K84: =SUM(K80,K76,K72,K68,K64,K60)*0.09 -> 8556.84 | L84: =SUM(L80,L76,L72,L68,L64,L60)*0.09 -> 7844.0367 | M84: =SUM(M80,M76,M72,M68,M64,M60)*0.09 -> -712.8033 | N84: =M84/K84 -> -0.083302166
A85: TOTAL | C85: =SUM(C80,C76,C72,C68,C64,C60) -> 58650000 | D85: =SUM(D80,D76,D72,D68,D64,D60) -> 52108413 | E85: =SUM(E80,E76,E72,E68,E64,E60) -> -6541587 | F85: =E85/C85 -> -0.11153601 | G85: =SUM(G80,G76,G72,G68,G64,G60) -> 131648.84 | H85: =SUM(H80,H76,H72,H68,H64,H60) -> 134121.21 | I85: =SUM(I80,I76,I72,I68,I64,I60) -> 2472.3655 | J85: =I85/G85 -> 0.018780001 | K85: =SUM(K80,K76,K72,K68,K64,K60)*1.09 -> 103632.84 | L85: =SUM(L81:L83,L77:L79,L73:L74,L75,L69:L71,L65:L67,L61:L63)*1.09 -> 95000 | M85: =SUM(M80,M76,M72,M68,M64,M60) -> -7920.0367 | N85: =M85/K85 -> -0.076424005

Sheet RAW DATA
A2: Problem | B2: Exceeding budget, optimization of resources
A3: Objective | B3: Decided which marketing plan is better. 1) Agency plan 2) Peter Dingle plans 3) New Plan (other)
A5: EXHIBIT 1: DEMOGRAPHIC AND TECHNOLOGY PENETRATION DATA
A6: Intel AP Markets | B6: Indonesia | C6: Korea | D6: Malaysia | E6: Pakistan | F6: Philippines | G6: Singapore
A7: Population (Ms) 1 | B7: 251.2 | C7: 49 | D7: 29.6 | E7: 193.2 | F7: 105.7 | G7: 5.5
A8: # Internet Users (Ms) 1 | B8: 20 | C8: 39.4 | D8: 15.4 | E8: 20.4 | F8: 8.3 | G8: 3.2
A9: Mobile Phones (Ms) 1 | B9: 248.8 | C9: 52.5 | D9: 36.7 | E9: 111 | F9: 94.2 | G9: 7.8
A10: # Facebook Users (Ms) 2 | B10: 51.1 | C10: 10 | D10: 13.6 | E10: 8 | F10: 29.9 | G10: 2.9
A11: Sources: 1 CIA World Factbook, accessed July 25, 2013; | E11: 2 www.internetworldstats.com/, accessed July 25, 2013.
A13: EXHIBIT 2: INTEL ASIA-PACIFIC FACEBOOK COMMUNITIES (AUGUST 2012)
A14: Intel Market | B14: Indonesia | C14: Korea | D14: Malaysia | E14: Pakistan | F14: Philippines | G14: Singapore
A15: Fans | B15: 778144 | C15: 137801 | D15: 128410 | E15: 316425 | F15: 203907 | G15: 15595
A16: Growth | B16: 8009 | C16: 9361 | D16: 2932 | E16: 18994 | F16: 2204 | G16: 1496
A17: Top Demographic | B17: M 18-24 | C17: F 18-24 | D17: M 18-24 | E17: M 18-24 | F17: M 18-24 | G17: M 18-24
A18: Growth % | B18: =B16/B15 -> 0.010292439 | C18: =C16/C15 -> 0.067931292 | D18: =D16/D15 -> 0.022833113 | E18: =E16/E15 -> 0.060026863 | F18: =F16/F15 -> 0.010808849 | G18: =G16/G15 -> 0.095928182
A19: Source: Intel Asia-Pacific Marketing
A21: EXHIBIT 4: PRELIMINARY MEDIA PLAN PROPOSED BY IMPACT MARKETING LTD
B22: Indonesia | C22: Korea | D22: Malaysia | E22: Pakistan | F22: Philippines | G22: Singapore | H22: Total
A23: Marketplace
A24: Impressions | B24: 6000000 | C24: 6000000 | D24: 6000000 | E24: 1000000 | F24: 6000000 | G24: 2000000 | H24: 27000000
A25: CPM | B25: 0.53 | C25: 0.88 | D25: 0.6 | E25: 0.57 | F25: 0.56 | G25: 0.71 | H25: 0.64
A26: Cost | B26: 3180 | C26: 5280 | D26: 3600 | E26: 570 | F26: 3360 | G26: 1420 | H26: 17410
A27: Premium
A28: Impressions | B28: 3500000 | C28: 3700000 | D28: 3700000 | E28: 700000 | F28: 3700000 | G28: 1350000 | H28: 16650000
A29: CPM | B29: 4.41 | C29: 5.25 | D29: 3.22 | E29: 4.41 | F29: 3.85 | G29: 5.6 | H29: 4.3
A30: Cost | B30: 15435 | C30: 19425 | D30: 11914 | E30: 3087 | F30: 14245 | G30: 7560 | H30: 71666
A31: Mobile Ads
A32: Impressions | B32: 3000000 | C32: - | D32: 3000000 | E32: 3000000 | F32: 3000000 | G32: 3000000 | H32: 15000000 | I32: *look for reason of not having mobile ads in korea, if not found use same price
A33: CPM | B33: 0.4 | C33: - | D33: 0.4 | E33: 0.4 | F33: 0.4 | G33: 0.4 | H33: 0.4
A34: Cost | B34: 1200 | C34: - | D34: 1200 | E34: 1200 | F34: 1200 | G34: 1200 | H34: 6000
A35: Total Ads
A36: Impressions | B36: 12500000 | C36: 9700000 | D36: 12700000 | E36: 4700000 | F36: 12700000 | G36: 6350000 | H36: 58650000 | I36: Including agency fee
A37: Cost | B37: 19815 | C37: 24705 | D37: 16714 | E37: 4857 | F37: 18805 | G37: 10180 | H37: 95076 | I37: =H37*1.09 -> 103632.84
A39: EXHIBIT 5: INTEL’S ESTIMATED CLICK-THROUGH RATES AND SOCIAL IMPRESSIONS MULTIPLIERS
A41: Market | B41: Indonesia | C41: Korea | D41: Malaysia | E41: Pakistan | F41: Philippines | G41: Singapore
A42: Marketplace CTR | B42: 0.0009 | C42: 0.0008 | D42: 0.0011 | E42: 0.0012 | F42: 0.0011 | G42: 0.0012
A43: Premium CTR | B43: 0.0043 | C43: 0.0023 | D43: 0.0032 | E43: 0.0059 | F43: 0.0048 | G43: 0.0034 | L43: Then the original plan | M43: 1.25 | N43: Applies to total
A44: Social Impression Multiplier | B44: 12.9 | C44: 41.1 | D44: 21.4 | E44: 26.5 | F44: 32.4 | G44: 20.6 | M44: 0.75 | N44: Applies per type of adv
A45: Social CTR | B45: 0.0196 | C45: 0.0239 | D45: 0.0182 | E45: 0.0264 | F45: 0.0181 | G45: 0.0183
A46: CTR Mobile Ad | B46: 0.0005 | C46: 0.0005 | D46: 0.0005 | E46: 0.0005 | F46: 0.0005 | G46: 0.0005
A49: Max (Impression*CTR=Clicks) | B49: =SUM(H61:H83) -> 178874.28 | C49: *look at impressions
A51: Parameters:
C57: *look for external CTR | AF57: TRANSLATE INTO CTR
C58: IMPRESSIONS | G58: CLICKS | K58: COST | W58: =AVERAGE(W72,W80,W76,W68,W64,W60) -> 105.7 | X58: =AVERAGE(X72,X80,X76,X68,X64,X60) -> 17.783333 | Y58: =AVERAGE(Y72,Y80,Y76,Y68,Y64,Y60) -> 91.833333 | Z58: =AVERAGE(Z72,Z80,Z76,Z68,Z64,Z60) -> 19.25 | AA58: =AVERAGE(AA72,AA80,AA76,AA68,AA64,AA60) -> 263380.33 | AB58: =AVERAGE(AB72,AB80,AB76,AB68,AB64,AB60) -> 7166 | AC58: =AVERAGE(AC72,AC80,AC76,AC68,AC64,AC60) -> 0.04463679 | AD58: =AVERAGE(AD72,AD80,AD76,AD68,AD64,AD60) -> 0.00105 | ... AH58: =AVERAGE(AH72,AH80,AH76,AH68,AH64,AH60) -> 0.0005
A59: Country | B59: Facebook Add | C59: Agency | D59: Model | E59: Var | F59: Var % | G59: Agency | H59: Model | I59: Var | J59: Var % | K59: Agency | L59: Model | M59: Var | N59: Var % | Q59: Sign of constrain | R59: CONSTRAINT IMPRESSION | V59: CONSTRAIN ON COST | W59: Population (Ms) 1 | X59: # Internet Users (Ms) 1 | Y59: Mobile Phones (Ms) 1 | Z59: # Facebook Users (Ms) 2 | AA59: Fans | AB59: Growth | AC59: Growth % | AD59: Marketplace CTR | AE59: Premium CTR | AF59: Social Impression Multiplier | AG59: Social CTR | AH59: CTR Mobile Ad
A60: Indonesia | C60: =SUM(C61:C63) -> 12500000 | D60: =SUM(D61:D63) -> 15625000 | E60: =IFERROR(D60-C60,0) -> 3125000 | F60: =E60/C60 -> 0.25 | G60: =SUM(G61:G63) -> 21950 | H60: =SUM(H61:H63) -> 22087.5 | I60: =IFERROR(H60-G60,0) -> 137.5 | J60: =I60/G60 -> 0.0062642369 | K60: =SUM(K61:K63) -> 19815 | L60: =SUM(L61:L63) -> 18173.75 | M60: =IFERROR(L60-K60,0) -> -1641.25 | N60: =M60/K60 -> -0.082828665 | Q60: <= | R60: =C60*1.25 -> 15625000 | U60: <= | V60: 95000 | W60: =INDEX($B$7:$B$46,MATCH(W$59,$A$7:$A$46,0)) -> 251.2 | X60: =INDEX($B$7:$B$46,MATCH(X$59,$A$7:$A$46,0)) -> 20 | Y60: =INDEX($B$7:$B$46,MATCH(Y$59,$A$7:$A$46,0)) -> 248.8 | Z60: =INDEX($B$7:$B$46,MATCH(Z$59,$A$7:$A$46,0)) -> 51.1 | AA60: =INDEX($B$7:$B$46,MATCH(AA$59,$A$7:$A$46,0)) -> 778144 | AB60: =INDEX($B$7:$B$46,MATCH(AB$59,$A$7:$A$46,0)) -> 8009 | AC60: =INDEX($B$7:$B$46,MATCH(AC$59,$A$7:$A$46,0)) -> 0.010292439 | AD60: =INDEX($B$7:$B$46,MATCH(AD$59,$A$7:$A$46,0)) -> 0.0009 | ... AH60: =INDEX($B$7:$B$46,MATCH(AH$59,$A$7:$A$46,0)) -> 0.0005
A61: Indonesia | B61: Marketplace | C61: =$B$24 -> 6000000 | D61: 10750000 | E61: =IFERROR(D61-C61,0) -> 4750000 | F61: =E61/C61 -> 0.79166667 | G61: =C61*AD60 -> 5400 | H61: =D61*AD60 -> 9675 | I61: =IFERROR(H61-G61,0) -> 4275 | J61: =I61/G61 -> 0.79166667 | K61: =S61*(C61/1000) -> 3180 | L61: =S61*(D61/1000) -> 5697.5 | M61: =IFERROR(L61-K61,0) -> 2517.5 | N61: =M61/K61 -> 0.79166667 | Q61: >= | R61: =C61*0.75 -> 4500000 | S61: =$B$25 -> 0.53
A62: Indonesia | B62: Premium | C62: =$B$28 -> 3500000 | D62: 2625000 | E62: =IFERROR(D62-C62,0) -> -875000 | F62: =E62/C62 -> -0.25 | G62: =C62*AE60 -> 15050 | H62: =D62*AE60 -> 11287.5 | I62: =IFERROR(H62-G62,0) -> -3762.5 | J62: =I62/G62 -> -0.25 | K62: =S62*(C62/1000) -> 15435 | L62: =S62*(D62/1000) -> 11576.25 | M62: =IFERROR(L62-K62,0) -> -3858.75 | N62: =M62/K62 -> -0.25 | Q62: >= | R62: =C62*0.75 -> 2625000 | S62: =$B$29 -> 4.41
A63: Indonesia | B63: Mobile Ads | C63: =$B$32 -> 3000000 | D63: 2250000 | E63: =IFERROR(D63-C63,0) -> -750000 | F63: =E63/C63 -> -0.25 | G63: =AH60*C63 -> 1500 | H63: =AH60*D63 -> 1125 | I63: =IFERROR(H63-G63,0) -> -375 | J63: =I63/G63 -> -0.25 | K63: =S63*(C63/1000) -> 1200 | L63: =S63*(D63/1000) -> 900 | M63: =IFERROR(L63-K63,0) -> -300 | N63: =M63/K63 -> -0.25 | Q63: >= | R63: =C63*0.75 -> 2250000 | S63: =$B$33 -> 0.4
A64: Korea | C64: =SUM(C65:C67) -> 9700000 | D64: =SUM(D65:D67) -> 11216783 | E64: =IFERROR(D64-C64,0) -> 1516783 | F64: =E64/C64 -> 0.15636938 | G64: =SUM(G65:G67) -> 13310 | H64: =SUM(H65:H67) -> 11953.391 | I64: =IFERROR(H64-G64,0) -> -1356.6085 | J64: =I64/G64 -> -0.101924 | K64: =SUM(K65:K67) -> 24705 | L64: =SUM(L65:L67) -> 20105.463 | M64: =IFERROR(L64-K64,0) -> -4599.5368 | N64: =M64/K64 -> -0.18617838 | Q64: <= | R64: =C64*1.25 -> 12125000 | W64: =INDEX($C$7:$C$46,MATCH(W$59,$A$7:$A$46,0)) -> 49 | X64: =INDEX($C$7:$C$46,MATCH(X$59,$A$7:$A$46,0)) -> 39.4 | Y64: =INDEX($C$7:$C$46,MATCH(Y$59,$A$7:$A$46,0)) -> 52.5 | Z64: =INDEX($C$7:$C$46,MATCH(Z$59,$A$7:$A$46,0)) -> 10 | AA64: =INDEX($C$7:$C$46,MATCH(AA$59,$A$7:$A$46,0)) -> 137801 | AB64: =INDEX($C$7:$C$46,MATCH(AB$59,$A$7:$A$46,0)) -> 9361 | AC64: =INDEX($C$7:$C$46,MATCH(AC$59,$A$7:$A$46,0)) -> 0.067931292 | AD64: =INDEX($C$7:$C$46,MATCH(AD$59,$A$7:$A$46,0)) -> 0.0008 | ... AH64: =INDEX($C$7:$C$46,MATCH(AH$59,$A$7:$A$46,0)) -> 0.0005
A65: Korea | B65: Marketplace | C65: =$C$24 -> 6000000 | D65: 4500000 | E65: =IFERROR(D65-C65,0) -> -1500000 | F65: =E65/C65 -> -0.25 | G65: =C65*AD64 -> 4800 | H65: =D65*AD64 -> 3600 | I65: =IFERROR(H65-G65,0) -> -1200 | J65: =I65/G65 -> -0.25 | K65: =S65*(C65/1000) -> 5280 | L65: =S65*(D65/1000) -> 3960 | M65: =IFERROR(L65-K65,0) -> -1320 | N65: =M65/K65 -> -0.25 | Q65: >= | R65: =C65*0.75 -> 4500000 | S65: =$C$25 -> 0.88
A66: Korea | B66: Premium | C66: =$C$28 -> 3700000 | D66: 2775000 | E66: =IFERROR(D66-C66,0) -> -925000 | F66: =E66/C66 -> -0.25 | G66: =C66*AE64 -> 8510 | H66: =D66*AE64 -> 6382.5 | I66: =IFERROR(H66-G66,0) -> -2127.5 | J66: =I66/G66 -> -0.25 | K66: =S66*(C66/1000) -> 19425 | L66: =S66*(D66/1000) -> 14568.75 | M66: =IFERROR(L66-K66,0) -> -4856.25 | N66: =M66/K66 -> -0.25 | Q66: >= | R66: =C66*0.75 -> 2775000 | S66: =$C$29 -> 5.25
A67: Korea | B67: Mobile Ads | C67: 0 | D67: 3941783 | E67: =IFERROR(D67-C67,0) -> 3941783 | G67: =AH64*C67 -> 0 | H67: =AH64*D67 -> 1970.8915 | I67: =IFERROR(H67-G67,0) -> 1970.8915 | K67: =S67*(C67/1000) -> 0 | L67: =S67*(D67/1000) -> 1576.7132 | M67: =IFERROR(L67-K67,0) -> 1576.7132 | Q67: >= | R67: 0 | S67: =S63 -> 0.4
A68: Malaysia | C68: =SUM(C69:C71) -> 12700000 | D68: =SUM(D69:D71) -> 15875000 | E68: =IFERROR(D68-C68,0) -> 3175000 | F68: =E68/C68 -> 0.25 | G68: =SUM(G69:G71) -> 19940 | H68: =SUM(H69:H71) -> 21940 | I68: =IFERROR(H68-G68,0) -> 2000 | J68: =I68/G68 -> 0.1003009 | K68: =SUM(K69:K71) -> 16714 | L68: =SUM(L69:L71) -> 16345.5 | M68: =IFERROR(L68-K68,0) -> -368.5 | N68: =M68/K68 -> -0.022047385 | Q68: <= | R68: =C68*1.25 -> 15875000 | W68: =INDEX($D$7:$D$46,MATCH(W$59,$A$7:$A$46,0)) -> 29.6 | X68: =INDEX($D$7:$D$46,MATCH(X$59,$A$7:$A$46,0)) -> 15.4 | Y68: =INDEX($D$7:$D$46,MATCH(Y$59,$A$7:$A$46,0)) -> 36.7 | Z68: =INDEX($D$7:$D$46,MATCH(Z$59,$A$7:$A$46,0)) -> 13.6 | AA68: =INDEX($D$7:$D$46,MATCH(AA$59,$A$7:$A$46,0)) -> 128410 | AB68: =INDEX($D$7:$D$46,MATCH(AB$59,$A$7:$A$46,0)) -> 2932 | AC68: =INDEX($D$7:$D$46,MATCH(AC$59,$A$7:$A$46,0)) -> 0.022833113 | AD68: =INDEX($D$7:$D$46,MATCH(AD$59,$A$7:$A$46,0)) -> 0.0011 | ... AH68: =INDEX($D$7:$D$46,MATCH(AH$59,$A$7:$A$46,0)) -> 0.0005
A69: Malaysia | B69: Marketplace | C69: =$D$24 -> 6000000 | D69: 10850000 | E69: =IFERROR(D69-C69,0) -> 4850000 | F69: =E69/C69 -> 0.80833333 | G69: =C69*AD68 -> 6600 | H69: =D69*AD68 -> 11935 | I69: =IFERROR(H69-G69,0) -> 5335 | J69: =I69/G69 -> 0.80833333 | K69: =S69*(C69/1000) -> 3600 | L69: =S69*(D69/1000) -> 6510 | M69: =IFERROR(L69-K69,0) -> 2910 | N69: =M69/K69 -> 0.80833333 | Q69: >= | R69: =C69*0.75 -> 4500000 | S69: =$D$25 -> 0.6
A70: Malaysia | B70: Premium | C70: =$D$28 -> 3700000 | D70: 2775000 | E70: =IFERROR(D70-C70,0) -> -925000 | F70: =E70/C70 -> -0.25 | G70: =C70*AE68 -> 11840 | H70: =D70*AE68 -> 8880 | I70: =IFERROR(H70-G70,0) -> -2960 | J70: =I70/G70 -> -0.25 | K70: =S70*(C70/1000) -> 11914 | L70: =S70*(D70/1000) -> 8935.5 | M70: =IFERROR(L70-K70,0) -> -2978.5 | N70: =M70/K70 -> -0.25 | Q70: >= | R70: =C70*0.75 -> 2775000 | S70: =$D$29 -> 3.22
A71: Malaysia | B71: Mobile Ads | C71: =$D$32 -> 3000000 | D71: 2250000 | E71: =IFERROR(D71-C71,0) -> -750000 | F71: =E71/C71 -> -0.25 | G71: =AH68*C71 -> 1500 | H71: =AH68*D71 -> 1125 | I71: =IFERROR(H71-G71,0) -> -375 | J71: =I71/G71 -> -0.25 | K71: =S71*(C71/1000) -> 1200 | L71: =S71*(D71/1000) -> 900 | M71: =IFERROR(L71-K71,0) -> -300 | N71: =M71/K71 -> -0.25 | Q71: >= | R71: =C71*0.75 -> 2250000 | S71: =$D$33 -> 0.4
A72: =A73 -> Pakistan | C72: =SUM(C73:C75) -> 4700000 | D72: =SUM(D73:D75) -> 5875000 | E72: =IFERROR(D72-C72,0) -> 1175000 | F72: =E72/C72 -> 0.25 | G72: =SUM(G73:G75) -> 6830 | H72: =SUM(H73:H75) -> 7942.5 | I72: =IFERROR(H72-G72,0) -> 1112.5 | J72: =I72/G72 -> 0.16288433 | K72: =SUM(K73:K75) -> 4857 | L72: =SUM(L73:L75) -> 4982.25 | M72: =IFERROR(L72-K72,0) -> 125.25 | N72: =M72/K72 -> 0.025787523 | Q72: <= | R72: =C72*1.25 -> 5875000 | W72: =INDEX($E$7:$E$46,MATCH(W$59,$A$7:$A$46,0)) -> 193.2 | X72: =INDEX($E$7:$E$46,MATCH(X$59,$A$7:$A$46,0)) -> 20.4 | Y72: =INDEX($E$7:$E$46,MATCH(Y$59,$A$7:$A$46,0)) -> 111 | Z72: =INDEX($E$7:$E$46,MATCH(Z$59,$A$7:$A$46,0)) -> 8 | AA72: =INDEX($E$7:$E$46,MATCH(AA$59,$A$7:$A$46,0)) -> 316425 | AB72: =INDEX($E$7:$E$46,MATCH(AB$59,$A$7:$A$46,0)) -> 18994 | AC72: =INDEX($E$7:$E$46,MATCH(AC$59,$A$7:$A$46,0)) -> 0.060026863 | AD72: =INDEX($E$7:$E$46,MATCH(AD$59,$A$7:$A$46,0)) -> 0.0012 | ... AH72: =INDEX($E$7:$E$46,MATCH(AH$59,$A$7:$A$46,0)) -> 0.0005
A73: Pakistan | B73: Marketplace | C73: =$E$24 -> 1000000 | D73: 3100000 | E73: =IFERROR(D73-C73,0) -> 2100000 | F73: =E73/C73 -> 2.1 | G73: =C73*AD72 -> 1200 | H73: =D73*AD72 -> 3720 | I73: =IFERROR(H73-G73,0) -> 2520 | J73: =I73/G73 -> 2.1 | K73: =S73*(C73/1000) -> 570 | L73: =S73*(D73/1000) -> 1767 | M73: =IFERROR(L73-K73,0) -> 1197 | N73: =M73/K73 -> 2.1 | Q73: >= | R73: =C73*0.75 -> 750000 | S73: =$E$25 -> 0.57
A74: Pakistan | B74: Premium | C74: =$E$28 -> 700000 | D74: 525000 | E74: =IFERROR(D74-C74,0) -> -175000 | F74: =E74/C74 -> -0.25 | G74: =C74*AE72 -> 4130 | H74: =D74*AE72 -> 3097.5 | I74: =IFERROR(H74-G74,0) -> -1032.5 | J74: =I74/G74 -> -0.25 | K74: =S74*(C74/1000) -> 3087 | L74: =S74*(D74/1000) -> 2315.25 | M74: =IFERROR(L74-K74,0) -> -771.75 | N74: =M74/K74 -> -0.25 | Q74: >= | R74: =C74*0.75 -> 525000 | S74: =$E$29 -> 4.41
A75: Pakistan | B75: Mobile Ads | C75: =$E$32 -> 3000000 | D75: 2250000 | E75: =IFERROR(D75-C75,0) -> -750000 | F75: =E75/C75 -> -0.25 | G75: =AH72*C75 -> 1500 | H75: =AH72*D75 -> 1125 | I75: =IFERROR(H75-G75,0) -> -375 | J75: =I75/G75 -> -0.25 | K75: =S75*(C75/1000) -> 1200 | L75: =S75*(D75/1000) -> 900 | M75: =IFERROR(L75-K75,0) -> -300 | N75: =M75/K75 -> -0.25 | Q75: >= | R75: =C75*0.75 -> 2250000 | S75: =$E$33 -> 0.4
A76: =A77 -> Philippines | C76: =SUM(C77:C79) -> 12700000 | D76: =SUM(D77:D79) -> 15875000 | E76: =IFERROR(D76-C76,0) -> 3175000 | F76: =E76/C76 -> 0.25 | G76: =SUM(G77:G79) -> 25860 | H76: =SUM(H77:H79) -> 26380 | I76: =IFERROR(H76-G76,0) -> 520 | J76: =I76/G76 -> 0.020108275 | K76: =SUM(K77:K79) -> 18805 | L76: =SUM(L77:L79) -> 17659.75 | M76: =IFERROR(L76-K76,0) -> -1145.25 | N76: =M76/K76 -> -0.060901356 | Q76: <= | R76: =C76*1.25 -> 15875000 | W76: =INDEX($F$7:$F$46,MATCH(W$59,$A$7:$A$46,0)) -> 105.7 | X76: =INDEX($F$7:$F$46,MATCH(X$59,$A$7:$A$46,0)) -> 8.3 | Y76: =INDEX($F$7:$F$46,MATCH(Y$59,$A$7:$A$46,0)) -> 94.2 | Z76: =INDEX($F$7:$F$46,MATCH(Z$59,$A$7:$A$46,0)) -> 29.9 | AA76: =INDEX($F$7:$F$46,MATCH(AA$59,$A$7:$A$46,0)) -> 203907 | AB76: =INDEX($F$7:$F$46,MATCH(AB$59,$A$7:$A$46,0)) -> 2204 | AC76: =INDEX($F$7:$F$46,MATCH(AC$59,$A$7:$A$46,0)) -> 0.010808849 | AD76: =INDEX($F$7:$F$46,MATCH(AD$59,$A$7:$A$46,0)) -> 0.0011 | ... AH76: =INDEX($F$7:$F$46,MATCH(AH$59,$A$7:$A$46,0)) -> 0.0005
A77: Philippines | B77: Marketplace | C77: =$F$24 -> 6000000 | D77: 10850000 | E77: =IFERROR(D77-C77,0) -> 4850000 | F77: =E77/C77 -> 0.80833333 | G77: =C77*AD76 -> 6600 | H77: =D77*AD76 -> 11935 | I77: =IFERROR(H77-G77,0) -> 5335 | J77: =I77/G77 -> 0.80833333 | K77: =S77*(C77/1000) -> 3360 | L77: =S77*(D77/1000) -> 6076 | M77: =IFERROR(L77-K77,0) -> 2716 | N77: =M77/K77 -> 0.80833333 | Q77: >= | R77: =C77*0.75 -> 4500000 | S77: =$F$25 -> 0.56
A78: Philippines | B78: Premium | C78: =$F$28 -> 3700000 | D78: 2775000 | E78: =IFERROR(D78-C78,0) -> -925000 | F78: =E78/C78 -> -0.25 | G78: =C78*AE76 -> 17760 | H78: =D78*AE76 -> 13320 | I78: =IFERROR(H78-G78,0) -> -4440 | J78: =I78/G78 -> -0.25 | K78: =S78*(C78/1000) -> 14245 | L78: =S78*(D78/1000) -> 10683.75 | M78: =IFERROR(L78-K78,0) -> -3561.25 | N78: =M78/K78 -> -0.25 | Q78: >= | R78: =C78*0.75 -> 2775000 | S78: =$F$29 -> 3.85
A79: Philippines | B79: Mobile Ads | C79: =$F$32 -> 3000000 | D79: 2250000 | E79: =IFERROR(D79-C79,0) -> -750000 | F79: =E79/C79 -> -0.25 | G79: =AH76*C79 -> 1500 | H79: =AH76*D79 -> 1125 | I79: =IFERROR(H79-G79,0) -> -375 | J79: =I79/G79 -> -0.25 | K79: =S79*(C79/1000) -> 1200 | L79: =S79*(D79/1000) -> 900 | M79: =IFERROR(L79-K79,0) -> -300 | N79: =M79/K79 -> -0.25 | Q79: >= | R79: =C79*0.75 -> 2250000 | S79: =$F$33 -> 0.4
A80: =A81 -> Singapore | C80: =SUM(C81:C83) -> 6350000 | D80: =SUM(D81:D83) -> 7937500 | E80: =IFERROR(D80-C80,0) -> 1587500 | F80: =E80/C80 -> 0.25 | G80: =SUM(G81:G83) -> 8490 | H80: =SUM(H81:H83) -> 10177.5 | I80: =IFERROR(H80-G80,0) -> 1687.5 | J80: =I80/G80 -> 0.19876325 | K80: =SUM(K81:K83) -> 10180 | L80: =SUM(L81:L83) -> 9889.25 | M80: =IFERROR(L80-K80,0) -> -290.75 | N80: =M80/K80 -> -0.028560904 | Q80: <= | R80: =C80*1.25 -> 7937500 | W80: =INDEX($G$7:$G$46,MATCH(W$59,$A$7:$A$46,0)) -> 5.5 | X80: =INDEX($G$7:$G$46,MATCH(X$59,$A$7:$A$46,0)) -> 3.2 | Y80: =INDEX($G$7:$G$46,MATCH(Y$59,$A$7:$A$46,0)) -> 7.8 | Z80: =INDEX($G$7:$G$46,MATCH(Z$59,$A$7:$A$46,0)) -> 2.9 | AA80: =INDEX($G$7:$G$46,MATCH(AA$59,$A$7:$A$46,0)) -> 15595 | AB80: =INDEX($G$7:$G$46,MATCH(AB$59,$A$7:$A$46,0)) -> 1496 | AC80: =INDEX($G$7:$G$46,MATCH(AC$59,$A$7:$A$46,0)) -> 0.095928182 | AD80: =INDEX($G$7:$G$46,MATCH(AD$59,$A$7:$A$46,0)) -> 0.0012 | ... AH80: =INDEX($G$7:$G$46,MATCH(AH$59,$A$7:$A$46,0)) -> 0.0005
A81: Singapore | B81: Marketplace | C81: =$G$24 -> 2000000 | D81: 4675000 | E81: =IFERROR(D81-C81,0) -> 2675000 | F81: =E81/C81 -> 1.3375 | G81: =C81*AD80 -> 2400 | H81: =D81*AD80 -> 5610 | I81: =IFERROR(H81-G81,0) -> 3210 | J81: =I81/G81 -> 1.3375 | K81: =S81*(C81/1000) -> 1420 | L81: =S81*(D81/1000) -> 3319.25 | M81: =IFERROR(L81-K81,0) -> 1899.25 | N81: =M81/K81 -> 1.3375 | Q81: >= | R81: =C81*0.75 -> 1500000 | S81: =$G$25 -> 0.71
A82: Singapore | B82: Premium | C82: =$G$28 -> 1350000 | D82: 1012500 | E82: =IFERROR(D82-C82,0) -> -337500 | F82: =E82/C82 -> -0.25 | G82: =C82*AE80 -> 4590 | H82: =D82*AE80 -> 3442.5 | I82: =IFERROR(H82-G82,0) -> -1147.5 | J82: =I82/G82 -> -0.25 | K82: =S82*(C82/1000) -> 7560 | L82: =S82*(D82/1000) -> 5670 | M82: =IFERROR(L82-K82,0) -> -1890 | N82: =M82/K82 -> -0.25 | Q82: >= | R82: =C82*0.75 -> 1012500 | S82: =$G$29 -> 5.6
A83: Singapore | B83: Mobile Ads | C83: =$G$32 -> 3000000 | D83: 2250000 | E83: =IFERROR(D83-C83,0) -> -750000 | F83: =E83/C83 -> -0.25 | G83: =AH80*C83 -> 1500 | H83: =AH80*D83 -> 1125 | I83: =IFERROR(H83-G83,0) -> -375 | J83: =I83/G83 -> -0.25 | K83: =S83*(C83/1000) -> 1200 | L83: =S83*(D83/1000) -> 900 | M83: =IFERROR(L83-K83,0) -> -300 | N83: =M83/K83 -> -0.25 | Q83: >= | R83: =C83*0.75 -> 2250000 | S83: =$G$33 -> 0.4
A84: Agency fee | K84: =SUM(K80,K76,K72,K68,K64,K60)*0.09 -> 8556.84 | L84: =SUM(L80,L76,L72,L68,L64,L60)*0.09 -> 7844.0367 | M84: =SUM(M80,M76,M72,M68,M64,M60)*0.09 -> -712.80331 | N84: =M84/K84 -> -0.083302167
A85: TOTAL | C85: =SUM(C80,C76,C72,C68,C64,C60) -> 58650000 | D85: =SUM(D80,D76,D72,D68,D64,D60) -> 72404283 | E85: =SUM(E80,E76,E72,E68,E64,E60) -> 13754283 | F85: =E85/C85 -> 0.23451463 | G85: =SUM(G80,G76,G72,G68,G64,G60) -> 96380 | H85: =SUM(H80,H76,H72,H68,H64,H60) -> 100480.89 | I85: =SUM(I80,I76,I72,I68,I64,I60) -> 4100.8915 | J85: =I85/G85 -> 0.042549196 | K85: =SUM(K80,K76,K72,K68,K64,K60)*1.09 -> 103632.84 | L85: =SUM(L81:L83,L77:L79,L73:L74,L75,L69:L71,L65:L67,L61:L63)*1.09 -> 95000 | M85: =SUM(M80,M76,M72,M68,M64,M60) -> -7920.0368 | N85: =M85/K85 -> -0.076424006
A87: Constraint | B87: # mobile users
A88: Constraint | B88: # facebook users
A89: Number of user vs impressions

Sheet FB Users
F2: Impressions | I2: Impressions/FB Users
C3: # FB Users (MM) | D3: Social Impression Multiplier | E3: Social CTR | F3: Agency (MM) | G3: Original (MM) | H3: Alt. (MM) | I3: Agency | J3: Original | K3: Alternative
B4: Indonesia | C4: ='Model 2.'!S61 -> 51.1 | D4: ='Model 2.'!AC61 -> 12.9 | E4: ='Model 2.'!AD61 -> 0.0196 | F4: =('Model 1'!C60)/1000000 -> 12.5 | G4: =('Model 1'!D60)/1000000 -> 9.375 | H4: =('Model 2.'!D61)/1000000 -> 15.33 | I4: =F4/$C4 -> 0.2446184 | J4: =G4/$C4 -> 0.1834638 | K4: =H4/$C4 -> 0.3
B5: Korea | C5: ='Model 2.'!S65 -> 10 | D5: ='Model 2.'!AC65 -> 41.1 | E5: ='Model 2.'!AD65 -> 0.0239 | F5: =('Model 1'!C64)/1000000 -> 9.7 | G5: =('Model 1'!D64)/1000000 -> 12.125 | H5: =('Model 2.'!D65)/1000000 -> 10 | I5: =F5/$C5 -> 0.97 | J5: =G5/$C5 -> 1.2125 | K5: =H5/$C5 -> 1 | L5: Mobile Ads
B6: Malaysia | C6: ='Model 2.'!S69 -> 13.6 | D6: ='Model 2.'!AC69 -> 21.4 | E6: ='Model 2.'!AD69 -> 0.0182 | F6: =('Model 1'!C68)/1000000 -> 12.7 | G6: =('Model 1'!D68)/1000000 -> 9.525 | H6: =('Model 2.'!D69)/1000000 -> 6.35 | I6: =F6/$C6 -> 0.93382353 | J6: =G6/$C6 -> 0.70036765 | K6: =H6/$C6 -> 0.46691176
B7: Pakistan | C7: ='Model 2.'!S73 -> 8 | D7: ='Model 2.'!AC73 -> 26.5 | E7: ='Model 2.'!AD73 -> 0.0264 | F7: =('Model 1'!C72)/1000000 -> 4.7 | G7: =('Model 1'!D72)/1000000 -> 5.875 | H7: =('Model 2.'!D73)/1000000 -> 7.05 | I7: =F7/$C7 -> 0.5875 | J7: =G7/$C7 -> 0.734375 | K7: =H7/$C7 -> 0.88125
B8: Philippines | C8: ='Model 2.'!S77 -> 29.9 | D8: ='Model 2.'!AC77 -> 32.4 | E8: ='Model 2.'!AD77 -> 0.0181 | F8: =('Model 1'!C76)/1000000 -> 12.7 | G8: =('Model 1'!D76)/1000000 -> 10.445913 | H8: =('Model 2.'!D77)/1000000 -> 9.6567957 | I8: =F8/$C8 -> 0.42474916 | J8: =G8/$C8 -> 0.34936164 | K8: =H8/$C8 -> 0.32296975
B9: Singapore | C9: ='Model 2.'!S81 -> 2.9 | D9: ='Model 2.'!AC81 -> 20.6 | E9: ='Model 2.'!AD81 -> 0.0183 | F9: =('Model 1'!C80)/1000000 -> 6.35 | G9: =('Model 1'!D80)/1000000 -> 4.7625 | H9: =('Model 2.'!D81)/1000000 -> 2.7305 | I9: =F9/$C9 -> 2.1896552 | J9: =G9/$C9 -> 1.6422414 | K9: =H9/$C9 -> 0.94155172 | L9: Mobile Ads
B10: Total | C10: =SUM(C4:C9) -> 115.5 | F10: =SUM(F4:F9) -> 58.65 | G10: =SUM(G4:G9) -> 52.108413 | H10: =SUM(H4:H9) -> 51.117296 | I10: =F10/$C10 -> 0.50779221 | J10: =G10/$C10 -> 0.45115509 | K10: =H10/$C10 -> 0.44257399
